,name,date,time,long,lat,attitude
0,PG203/BKP203,30/4/2019,23:11:39,100.759529,13.692165,0
1,PG203/BKP203,30/4/2019,23:11:56,100.759804,13.69202,0
2,PG203/BKP203,30/4/2019,23:12:57,100.759804,13.69202,0
3,PG203/BKP203,30/4/2019,23:13:21,100.760376,13.69186,0
4,PG203/BKP203,30/4/2019,23:13:46,100.760818,13.691106,0
5,PG203/BKP203,30/4/2019,23:14:54,100.757057,13.676116,144.78
6,PG203/BKP203,30/4/2019,23:15:04,100.755806,13.670484,259.08
7,PG203/BKP203,30/4/2019,23:15:14,100.754715,13.664566,365.76
8,PG203/BKP203,30/4/2019,23:15:22,100.75547,13.660242,441.96
9,PG203/BKP203,30/4/2019,23:15:31,100.758698,13.656518,472.44
10,PG203/BKP203,30/4/2019,23:15:39,100.764381,13.654377,495.3
11,PG203/BKP203,30/4/2019,23:15:46,100.769302,13.653166,518.16
12,PG203/BKP203,30/4/2019,23:15:56,100.777298,13.651397,571.5
13,PG203/BKP203,30/4/2019,23:16:07,100.786301,13.64946,617.22
14,PG203/BKP203,30/4/2019,23:16:16,100.794395,13.647675,693.42
15,PG203/BKP203,30/4/2019,23:16:22,100.799324,13.646576,739.14
16,PG203/BKP203,30/4/2019,23:16:33,100.807846,13.644562,800.1
17,PG203/BKP203,30/4/2019,23:16:46,100.818207,13.642087,883.92
18,PG203/BKP203,30/4/2019,23:16:56,100.827271,13.640038,960.12
19,PG203/BKP203,30/4/2019,23:17:15,100.844833,13.636093,1082.04
20,PG203/BKP203,30/4/2019,23:17:22,100.850845,13.63472,1127.76
21,PG203/BKP203,30/4/2019,23:17:37,100.863487,13.631882,1234.44
22,PG203/BKP203,30/4/2019,23:17:44,100.870247,13.630403,1280.16
23,PG203/BKP203,30/4/2019,23:18:02,100.886436,13.626864,1402.08
24,PG203/BKP203,30/4/2019,23:18:12,100.895691,13.624924,1470.66
25,PG203/BKP203,30/4/2019,23:18:27,100.908241,13.626846,1562.1
26,PG203/BKP203,30/4/2019,23:18:34,100.914726,13.631426,1600.2
27,PG203/BKP203,30/4/2019,23:19:22,100.947968,13.659302,1882.14
28,PG203/BKP203,30/4/2019,23:19:34,100.957275,13.666899,1950.72
29,PG203/BKP203,30/4/2019,23:19:51,100.969849,13.677187,2057.4
30,PG203/BKP203,30/4/2019,23:20:07,100.981163,13.686493,2156.46
31,PG203/BKP203,30/4/2019,23:20:17,100.988602,13.692627,2209.8
32,PG203/BKP203,30/4/2019,23:20:32,100.99958,13.701767,2308.86
33,PG203/BKP203,30/4/2019,23:20:48,101.011192,13.711217,2392.68
34,PG203/BKP203,30/4/2019,23:21:03,101.022133,13.720108,2468.88
35,PG203/BKP203,30/4/2019,23:21:13,101.029648,13.726625,2529.84
36,PG203/BKP203,30/4/2019,23:21:23,101.035439,13.734329,2583.18
37,PG203/BKP203,30/4/2019,23:21:32,101.040504,13.74234,2644.14
38,PG203/BKP203,30/4/2019,23:21:48,101.048195,13.754603,2727.96
39,PG203/BKP203,30/4/2019,23:22:03,101.055664,13.7668,2811.78
40,PG203/BKP203,30/4/2019,23:22:13,101.060631,13.775086,2872.74
41,PG203/BKP203,30/4/2019,23:22:28,101.06768,13.787018,2956.56
42,PG203/BKP203,30/4/2019,23:22:44,101.07489,13.799247,3032.76
43,PG203/BKP203,30/4/2019,23:22:54,101.079193,13.807617,3078.48
44,PG203/BKP203,30/4/2019,23:23:05,101.080727,13.816936,3131.82
45,PG203/BKP203,30/4/2019,23:23:15,101.080818,13.826247,3177.54
46,PG203/BKP203,30/4/2019,23:23:29,101.080528,13.840772,3253.74
47,PG203/BKP203,30/4/2019,23:23:45,101.080338,13.854598,3329.94
48,PG203/BKP203,30/4/2019,23:24:01,101.080276,13.869095,3398.52
49,PG203/BKP203,30/4/2019,23:24:25,101.080376,13.892487,3512.82
50,PG203/BKP203,30/4/2019,23:24:46,101.080528,13.911159,3589.02
51,PG203/BKP203,30/4/2019,23:25:09,101.080757,13.934601,3703.32
52,PG203/BKP203,30/4/2019,23:25:41,101.07843,13.963715,3855.72
53,PG203/BKP203,30/4/2019,23:25:49,101.075951,13.972002,3893.82
54,PG203/BKP203,30/4/2019,23:25:57,101.073318,13.98024,3931.92
55,PG203/BKP203,30/4/2019,23:26:31,101.064133,14.011093,4069.08
56,PG203/BKP203,30/4/2019,23:27:03,101.055428,14.04239,4206.24
57,PG203/BKP203,30/4/2019,23:27:36,101.046562,14.074402,4328.16
58,PG203/BKP203,30/4/2019,23:28:10,101.037743,14.106306,4472.94
59,PG203/BKP203,30/4/2019,23:28:40,101.029419,14.1362,4579.62
60,PG203/BKP203,30/4/2019,23:29:10,101.021324,14.165588,4686.3
61,PG203/BKP203,30/4/2019,23:29:42,101.012978,14.195686,4792.98
62,PG203/BKP203,30/4/2019,23:30:17,101.003914,14.228366,4899.66
63,PG203/BKP203,30/4/2019,23:30:50,100.994812,14.261185,5013.96
64,PG203/BKP203,30/4/2019,23:31:23,100.985855,14.293579,5120.64
65,PG203/BKP203,30/4/2019,23:31:57,100.976692,14.326591,5219.7
66,PG203/BKP203,30/4/2019,23:32:29,100.967583,14.35955,5311.14
67,PG203/BKP203,30/4/2019,23:33:00,100.959343,14.38925,5394.96
68,PG203/BKP203,30/4/2019,23:33:32,100.949852,14.42342,5486.4
69,PG203/BKP203,30/4/2019,23:34:36,100.93187,14.488358,5486.4
70,PG203/BKP203,30/4/2019,23:35:37,100.912315,14.558807,5486.4
71,PG203/BKP203,30/4/2019,23:36:37,100.892471,14.630219,5486.4
72,PG203/BKP203,30/4/2019,23:37:39,100.872391,14.702454,5486.4
73,PG203/BKP203,30/4/2019,23:38:40,100.851982,14.775742,5486.4
74,PG203/BKP203,30/4/2019,23:39:41,100.831932,14.847883,5486.4
75,PG203/BKP203,30/4/2019,23:40:42,100.811462,14.921219,5486.4
76,PG203/BKP203,30/4/2019,23:41:44,100.791122,14.994197,5486.4
77,PG203/BKP203,30/4/2019,23:42:45,100.770866,15.066818,5486.4
78,PG203/BKP203,30/4/2019,23:43:47,100.750511,15.139664,5486.4
79,PG203/BKP203,30/4/2019,23:44:53,100.728775,15.217621,5486.4
80,PG203/BKP203,30/4/2019,23:45:54,100.706177,15.289993,5486.4
81,PG203/BKP203,30/4/2019,23:46:55,100.678955,15.360626,5486.4
82,PG203/BKP203,30/4/2019,23:47:56,100.65197,15.43071,5486.4
83,PG203/BKP203,30/4/2019,23:48:57,100.62513,15.500244,5486.4
84,PG203/BKP203,30/4/2019,23:49:58,100.598228,15.569768,5486.4
85,PG203/BKP203,30/4/2019,23:50:59,100.571251,15.639876,5486.4
86,PG203/BKP203,30/4/2019,23:52:00,100.544464,15.709122,5486.4
87,PG203/BKP203,30/4/2019,23:53:02,100.517303,15.77944,5486.4
88,PG203/BKP203,30/4/2019,23:54:06,100.488716,15.853317,5486.4
89,PG203/BKP203,30/4/2019,23:55:07,100.462166,15.92189,5486.4
90,PG203/BKP203,30/4/2019,23:56:07,100.43557,15.990463,5486.4
91,PG203/BKP203,30/4/2019,23:57:11,100.407242,16.063408,5486.4
92,PG203/BKP203,30/4/2019,23:58:13,100.380203,16.133148,5486.4
93,PG203/BKP203,30/4/2019,23:59:14,100.35363,16.201576,5486.4
94,PG203/BKP203,1/5/2019,0:00:05,100.330856,16.260132,5486.4
95,PG203/BKP203,1/5/2019,0:02:51,100.256912,16.450026,5486.4
96,PG203/BKP203,1/5/2019,0:03:56,100.228851,16.521927,5486.4
97,PG203/BKP203,1/5/2019,0:04:56,100.20179,16.591356,5486.4
98,PG203/BKP203,1/5/2019,0:05:57,100.174355,16.661636,5486.4
99,PG203/BKP203,1/5/2019,0:06:59,100.147125,16.731216,5486.4
100,PG203/BKP203,1/5/2019,0:08:03,100.118553,16.804241,5486.4
101,PG203/BKP203,1/5/2019,0:09:05,100.091087,16.874489,5486.4
102,PG203/BKP203,1/5/2019,0:10:06,100.06266,16.947098,5486.4
103,PG203/BKP203,1/5/2019,0:11:06,100.035469,17.01652,5486.4
104,PG203/BKP203,1/5/2019,0:12:10,100.007126,17.088675,5486.4
105,PG203/BKP203,1/5/2019,0:13:13,99.979805,17.158318,5486.4
106,PG203/BKP203,1/5/2019,0:14:12,99.952972,17.226469,5486.4
107,PG203/BKP203,1/5/2019,0:15:15,99.924873,17.29788,5486.4
108,PG203/BKP203,1/5/2019,0:16:18,99.897163,17.368315,5334
109,PG203/BKP203,1/5/2019,0:16:51,99.881432,17.408249,5250.18
110,PG203/BKP203,1/5/2019,0:17:22,99.865723,17.447966,5158.74
111,PG203/BKP203,1/5/2019,0:17:54,99.849197,17.489908,5067.3
112,PG203/BKP203,1/5/2019,0:18:27,99.834381,17.527523,4991.1
113,PG203/BKP203,1/5/2019,0:19:00,99.817902,17.569374,4831.08
114,PG203/BKP203,1/5/2019,0:19:31,99.80265,17.60788,4587.24
115,PG203/BKP203,1/5/2019,0:20:05,99.786415,17.648977,4335.78
116,PG203/BKP203,1/5/2019,0:20:34,99.771454,17.686825,4099.56
117,PG203/BKP203,1/5/2019,0:21:06,99.754974,17.728441,3848.1
118,PG203/BKP203,1/5/2019,0:21:41,99.739037,17.768618,3589.02
119,PG203/BKP203,1/5/2019,0:21:51,99.733543,17.78249,3497.58
120,PG203/BKP203,1/5/2019,0:22:04,99.726898,17.799316,3390.9
121,PG203/BKP203,1/5/2019,0:22:17,99.721169,17.813782,3307.08
122,PG203/BKP203,1/5/2019,0:22:28,99.715431,17.828339,3208.02
123,PG203/BKP203,1/5/2019,0:22:40,99.709648,17.842941,3124.2
124,PG203/BKP203,1/5/2019,0:22:53,99.70372,17.85791,3032.76
125,PG203/BKP203,1/5/2019,0:23:06,99.69799,17.872375,2941.32
126,PG203/BKP203,1/5/2019,0:23:17,99.692444,17.886337,2857.5
127,PG203/BKP203,1/5/2019,0:23:28,99.68618,17.902222,2758.44
128,PG203/BKP203,1/5/2019,0:23:42,99.680595,17.916458,2667
129,PG203/BKP203,1/5/2019,0:23:54,99.674957,17.930695,2575.56
130,PG203/BKP203,1/5/2019,0:24:07,99.669174,17.945297,2491.74
131,PG203/BKP203,1/5/2019,0:24:20,99.663437,17.959808,2400.3
132,PG203/BKP203,1/5/2019,0:24:30,99.658211,17.973074,2316.48
133,PG203/BKP203,1/5/2019,0:24:43,99.652359,17.987823,2225.04
134,PG203/BKP203,1/5/2019,0:25:00,99.64389,18.004356,2118.36
135,PG203/BKP203,1/5/2019,0:25:06,99.63694,18.012497,2065.02
136,PG203/BKP203,1/5/2019,0:25:12,99.632072,18.016891,2026.92
137,PG203/BKP203,1/5/2019,0:25:19,99.625999,18.021835,1981.2
138,PG203/BKP203,1/5/2019,0:25:27,99.620796,18.026047,1943.1
139,PG203/BKP203,1/5/2019,0:25:37,99.610725,18.034241,1866.9
140,PG203/BKP203,1/5/2019,0:25:49,99.600723,18.042343,1790.7
141,PG203/BKP203,1/5/2019,0:26:01,99.591507,18.049839,1729.74
142,PG203/BKP203,1/5/2019,0:26:13,99.582336,18.057287,1653.54
143,PG203/BKP203,1/5/2019,0:26:24,99.574829,18.063385,1607.82
144,PG203/BKP203,1/5/2019,0:26:37,99.566154,18.070404,1539.24
145,PG203/BKP203,1/5/2019,0:28:03,99.516266,18.124601,1104.9
146,PG203/BKP203,1/5/2019,0:28:10,99.515877,18.129677,1074.42
147,PG203/BKP203,1/5/2019,0:28:16,99.515388,18.135494,1036.32
148,PG203/BKP203,1/5/2019,0:28:23,99.514946,18.1415,1005.84
149,PG203/BKP203,1/5/2019,0:28:36,99.51416,18.151978,944.88
150,PG203/BKP203,1/5/2019,0:28:44,99.513718,18.157608,906.78
151,PG203/BKP203,1/5/2019,0:28:53,99.513199,18.1642,868.68
152,PG203/BKP203,1/5/2019,0:28:59,99.51281,18.168823,845.82
153,PG203/BKP203,1/5/2019,0:29:13,99.512138,18.177612,792.48
154,PG203/BKP203,1/5/2019,0:29:19,99.511856,18.181162,769.62
155,PG203/BKP203,1/5/2019,0:29:25,99.511559,18.184793,754.38
156,PG203/BKP203,1/5/2019,0:29:31,99.511215,18.188099,739.14
157,PG203/BKP203,1/5/2019,0:29:38,99.510811,18.19173,716.28
158,PG203/BKP203,1/5/2019,0:29:44,99.510468,18.19536,693.42
159,PG203/BKP203,1/5/2019,0:29:51,99.510063,18.199457,670.56
160,PG203/BKP203,1/5/2019,0:29:57,99.509796,18.202789,647.7
161,PG203/BKP203,1/5/2019,0:30:03,99.509468,18.206673,624.84
162,PG203/BKP203,1/5/2019,0:30:09,99.509163,18.210211,601.98
163,PG203/BKP203,1/5/2019,0:30:16,99.508865,18.214279,571.5
164,PG203/BKP203,1/5/2019,0:30:23,99.508568,18.218172,541.02
165,PG203/BKP203,1/5/2019,0:30:30,99.50827,18.222128,510.54
166,PG203/BKP203,1/5/2019,0:30:36,99.50798,18.225769,487.68
167,PG203/BKP203,1/5/2019,0:30:43,99.507683,18.229248,472.44
168,PG203/BKP203,1/5/2019,0:30:49,99.507339,18.232681,449.58
169,PG203/BKP203,1/5/2019,0:30:55,99.506996,18.236343,426.72
170,PG203/BKP203,1/5/2019,0:31:07,99.506371,18.24345,396.24
171,PG203/BKP203,1/5/2019,0:31:14,99.506065,18.247055,373.38
172,PG203/BKP203,1/5/2019,0:31:20,99.505768,18.250572,350.52
173,PG203/BKP203,1/5/2019,0:31:26,99.505524,18.253971,335.28
174,PG203/BKP203,1/5/2019,0:31:33,99.50528,18.257675,320.04
175,PG203/BKP203,1/5/2019,0:31:44,99.504723,18.264538,274.32
176,PG203/BKP203,1/5/2019,0:31:50,99.504433,18.267784,0
177,PG211/BKP211,30/4/2019,23:57:44,100.760841,13.690989,0
178,PG211/BKP211,30/4/2019,23:58:47,100.755569,13.670996,175.26
179,PG211/BKP211,30/4/2019,23:58:58,100.754173,13.664851,297.18
180,PG211/BKP211,30/4/2019,23:59:08,100.754715,13.65889,388.62
181,PG211/BKP211,30/4/2019,23:59:17,100.757256,13.653678,426.72
182,PG211/BKP211,30/4/2019,23:59:23,100.760338,13.651211,457.2
183,PG211/BKP211,30/4/2019,23:59:29,100.763336,13.650009,472.44
184,PG211/BKP211,30/4/2019,23:59:39,100.771004,13.648773,510.54
185,PG211/BKP211,30/4/2019,23:59:49,100.778488,13.648773,594.36
186,PG211/BKP211,30/4/2019,23:59:58,100.785828,13.649048,678.18
187,PG211/BKP211,1/5/2019,0:00:05,100.789925,13.649209,716.28
188,PG211/BKP211,1/5/2019,0:02:44,100.931778,13.65239,1562.1
189,PG211/BKP211,1/5/2019,0:02:56,100.943428,13.652802,1630.68
190,PG211/BKP211,1/5/2019,0:03:08,100.954361,13.654587,1699.26
191,PG211/BKP211,1/5/2019,0:03:18,100.9618,13.658707,1752.6
192,PG211/BKP211,1/5/2019,0:03:27,100.970177,13.665527,1813.56
193,PG211/BKP211,1/5/2019,0:03:35,100.974426,13.669227,1844.04
194,PG211/BKP211,1/5/2019,0:03:44,100.980881,13.674859,1889.76
195,PG211/BKP211,1/5/2019,0:03:59,100.992058,13.684616,1973.58
196,PG211/BKP211,1/5/2019,0:04:14,101.002518,13.693527,2049.78
197,PG211/BKP211,1/5/2019,0:04:26,101.011337,13.700882,2110.74
198,PG211/BKP211,1/5/2019,0:04:39,101.019814,13.707865,2171.7
199,PG211/BKP211,1/5/2019,0:04:51,101.028687,13.71522,2232.66
200,PG211/BKP211,1/5/2019,0:05:03,101.038177,13.723087,2301.24
201,PG211/BKP211,1/5/2019,0:05:14,101.046844,13.730392,2362.2
202,PG211/BKP211,1/5/2019,0:05:25,101.055428,13.737565,2430.78
203,PG211/BKP211,1/5/2019,0:05:39,101.063759,13.744735,2484.12
204,PG211/BKP211,1/5/2019,0:05:46,101.067734,13.750076,2514.6
205,PG211/BKP211,1/5/2019,0:05:52,101.071037,13.758048,2560.32
206,PG211/BKP211,1/5/2019,0:05:59,101.072464,13.762573,2575.56
207,PG211/BKP211,1/5/2019,0:06:13,101.075951,13.774621,2628.9
208,PG211/BKP211,1/5/2019,0:06:26,101.079666,13.787384,2705.1
209,PG211/BKP211,1/5/2019,0:06:39,101.082985,13.798922,2773.68
210,PG211/BKP211,1/5/2019,0:06:51,101.085915,13.809494,2827.02
211,PG211/BKP211,1/5/2019,0:07:03,101.088867,13.820801,2880.36
212,PG211/BKP211,1/5/2019,0:07:15,101.091568,13.831368,2941.32
213,PG211/BKP211,1/5/2019,0:07:27,101.094391,13.842453,2994.66
214,PG211/BKP211,1/5/2019,0:07:39,101.097137,13.853165,3040.38
215,PG211/BKP211,1/5/2019,0:07:52,101.099899,13.864141,3078.48
216,PG211/BKP211,1/5/2019,0:08:03,101.102409,13.87429,3131.82
217,PG211/BKP211,1/5/2019,0:08:15,101.105156,13.885462,3185.16
218,PG211/BKP211,1/5/2019,0:08:28,101.107803,13.896448,3238.5
219,PG211/BKP211,1/5/2019,0:08:39,101.110306,13.906815,3284.22
220,PG211/BKP211,1/5/2019,0:08:52,101.113235,13.919037,3337.56
221,PG211/BKP211,1/5/2019,0:09:04,101.115707,13.929221,3383.28
222,PG211/BKP211,1/5/2019,0:09:16,101.118492,13.940735,3429
223,PG211/BKP211,1/5/2019,0:09:29,101.121147,13.951767,3467.1
224,PG211/BKP211,1/5/2019,0:09:40,101.123894,13.962891,3512.82
225,PG211/BKP211,1/5/2019,0:09:52,101.126785,13.974289,3550.92
226,PG211/BKP211,1/5/2019,0:10:05,101.129578,13.985367,3589.02
227,PG211/BKP211,1/5/2019,0:10:17,101.132652,13.997086,3642.36
228,PG211/BKP211,1/5/2019,0:10:34,101.136963,14.014023,3703.32
229,PG211/BKP211,1/5/2019,0:11:09,101.145294,14.045694,3832.86
230,PG211/BKP211,1/5/2019,0:11:40,101.153961,14.07692,3954.78
231,PG211/BKP211,1/5/2019,0:12:05,101.159645,14.099991,4030.98
232,PG211/BKP211,1/5/2019,0:12:12,101.159218,14.106072,4053.84
233,PG211/BKP211,1/5/2019,0:12:18,101.157822,14.112078,4076.7
234,PG211/BKP211,1/5/2019,0:12:27,101.155197,14.120544,4107.18
235,PG211/BKP211,1/5/2019,0:12:35,101.152283,14.128977,4130.04
236,PG211/BKP211,1/5/2019,0:13:12,101.140953,14.162773,4259.58
237,PG211/BKP211,1/5/2019,0:13:42,101.131752,14.191223,4366.26
238,PG211/BKP211,1/5/2019,0:14:15,101.121681,14.222593,4457.7
239,PG211/BKP211,1/5/2019,0:14:49,101.111343,14.254623,4564.38
240,PG211/BKP211,1/5/2019,0:15:22,101.101013,14.286695,4648.2
241,PG211/BKP211,1/5/2019,0:15:54,101.090698,14.31871,4747.26
242,PG211/BKP211,1/5/2019,0:16:28,101.080338,14.350705,4823.46
243,PG211/BKP211,1/5/2019,0:16:58,101.070908,14.380051,4899.66
244,PG211/BKP211,1/5/2019,0:17:13,101.066124,14.394882,4945.38
245,PG211/BKP211,1/5/2019,0:17:45,101.055664,14.427283,5013.96
246,PG211/BKP211,1/5/2019,0:18:19,101.045212,14.459637,5090.16
247,PG211/BKP211,1/5/2019,0:18:52,101.034561,14.492829,5151.12
248,PG211/BKP211,1/5/2019,0:19:25,101.02372,14.526346,5219.7
249,PG211/BKP211,1/5/2019,0:19:59,101.012939,14.559814,5288.28
250,PG211/BKP211,1/5/2019,0:20:32,101.002281,14.592776,5372.1
251,PG211/BKP211,1/5/2019,0:20:55,100.994995,14.615295,5417.82
252,PG211/BKP211,1/5/2019,0:21:56,100.974525,14.678665,5486.4
253,PG211/BKP211,1/5/2019,0:22:34,100.959717,14.719299,5478.78
254,PG211/BKP211,1/5/2019,0:22:46,100.952454,14.72978,5478.78
255,PG211/BKP211,1/5/2019,0:22:57,100.943993,14.739487,5478.78
256,PG211/BKP211,1/5/2019,0:23:07,100.935394,14.749052,5478.78
257,PG211/BKP211,1/5/2019,0:23:16,100.927879,14.757339,5478.78
258,PG211/BKP211,1/5/2019,0:23:47,100.903114,14.784945,5486.4
259,PG211/BKP211,1/5/2019,0:24:49,100.854446,14.839371,5486.4
260,PG211/BKP211,1/5/2019,0:25:54,100.800049,14.899695,5478.78
261,PG211/BKP211,1/5/2019,0:26:28,100.773468,14.929628,5486.4
262,PG211/BKP211,1/5/2019,0:26:39,100.764397,14.941545,5478.78
263,PG211/BKP211,1/5/2019,0:26:46,100.761253,14.948063,5486.4
264,PG211/BKP211,1/5/2019,0:26:53,100.757477,14.957141,5486.4
265,PG211/BKP211,1/5/2019,0:27:00,100.754684,14.964356,5486.4
266,PG211/BKP211,1/5/2019,0:28:10,100.723831,15.041959,5486.4
267,PG211/BKP211,1/5/2019,0:29:11,100.695732,15.111089,5486.4
268,PG211/BKP211,1/5/2019,0:30:23,100.662422,15.192856,5478.78
269,PG211/BKP211,1/5/2019,0:31:00,100.646042,15.233185,5478.78
270,PG211/BKP211,1/5/2019,0:31:30,100.632164,15.267242,5478.78
271,PG211/BKP211,1/5/2019,0:32:04,100.616455,15.305832,5478.78
272,PG211/BKP211,1/5/2019,0:32:41,100.599747,15.346783,5486.4
273,PG211/BKP211,1/5/2019,0:33:40,100.572922,15.412561,5486.4
274,PG211/BKP211,1/5/2019,0:34:41,100.544609,15.481979,5478.78
275,PG211/BKP211,1/5/2019,0:35:17,100.528137,15.522285,5486.4
276,PG211/BKP211,1/5/2019,0:36:20,100.498787,15.594223,5478.78
277,PG211/BKP211,1/5/2019,0:36:54,100.483803,15.630845,5478.78
278,PG211/BKP211,1/5/2019,0:37:26,100.468643,15.667947,5486.4
279,PG211/BKP211,1/5/2019,0:38:27,100.440933,15.735727,5486.4
280,PG211/BKP211,1/5/2019,0:39:30,100.411903,15.806533,5486.4
281,PG211/BKP211,1/5/2019,0:40:33,100.382912,15.877199,5478.78
282,PG211/BKP211,1/5/2019,0:41:07,100.367805,15.914022,5478.78
283,PG211/BKP211,1/5/2019,0:41:39,100.352554,15.95131,5486.4
284,PG211/BKP211,1/5/2019,0:42:43,100.323486,16.022141,5478.78
285,PG211/BKP211,1/5/2019,0:43:13,100.309784,16.055401,5486.4
286,PG211/BKP211,1/5/2019,0:44:17,100.280502,16.126719,5440.68
287,PG211/BKP211,1/5/2019,0:44:50,100.264793,16.165009,5356.86
288,PG211/BKP211,1/5/2019,0:45:23,100.248367,16.20488,5265.42
289,PG211/BKP211,1/5/2019,0:45:57,100.232002,16.244682,5181.6
290,PG211/BKP211,1/5/2019,0:46:29,100.215355,16.285126,5090.16
291,PG211/BKP211,1/5/2019,0:46:59,100.19854,16.321152,5013.96
292,PG211/BKP211,1/5/2019,0:47:33,100.177658,16.360132,4930.14
293,PG211/BKP211,1/5/2019,0:48:06,100.15657,16.399475,4838.7
294,PG211/BKP211,1/5/2019,0:48:39,100.135612,16.438477,4762.5
295,PG211/BKP211,1/5/2019,0:49:10,100.114456,16.477844,4671.06
296,PG211/BKP211,1/5/2019,0:49:44,100.093689,16.516479,4564.38
297,PG211/BKP211,1/5/2019,0:50:16,100.071762,16.557404,4358.64
298,PG211/BKP211,1/5/2019,0:50:47,100.051865,16.594254,4114.8
299,PG211/BKP211,1/5/2019,0:51:21,100.030373,16.634279,3855.72
300,PG211/BKP211,1/5/2019,0:51:54,100.009506,16.672943,3589.02
301,PG211/BKP211,1/5/2019,0:52:06,100.002182,16.686493,3512.82
302,PG211/BKP211,1/5/2019,0:52:18,99.994812,16.70018,3421.38
303,PG211/BKP211,1/5/2019,0:52:30,99.987358,16.71393,3329.94
304,PG211/BKP211,1/5/2019,0:52:43,99.979919,16.727737,3238.5
305,PG211/BKP211,1/5/2019,0:52:54,99.972542,16.741442,3154.68
306,PG211/BKP211,1/5/2019,0:53:06,99.964989,16.755524,3063.24
307,PG211/BKP211,1/5/2019,0:53:18,99.95771,16.769119,2971.8
308,PG211/BKP211,1/5/2019,0:53:30,99.950096,16.783218,2880.36
309,PG211/BKP211,1/5/2019,0:53:44,99.941597,16.798933,2773.68
310,PG211/BKP211,1/5/2019,0:53:56,99.934341,16.812433,2689.86
311,PG211/BKP211,1/5/2019,0:54:12,99.924126,16.831421,2560.32
312,PG211/BKP211,1/5/2019,0:54:23,99.916779,16.845066,2476.5
313,PG211/BKP211,1/5/2019,0:54:51,99.899307,16.877472,2263.14
314,PG211/BKP211,1/5/2019,0:55:03,99.892464,16.890152,2179.32
315,PG211/BKP211,1/5/2019,0:55:15,99.884659,16.904526,2087.88
316,PG211/BKP211,1/5/2019,0:55:32,99.875023,16.922424,1973.58
317,PG211/BKP211,1/5/2019,0:58:27,99.815056,17.092632,853.44
318,PG211/BKP211,1/5/2019,0:58:33,99.815208,17.097612,822.96
319,PG211/BKP211,1/5/2019,0:58:40,99.815353,17.102501,800.1
320,PG211/BKP211,1/5/2019,0:58:52,99.815804,17.112122,746.76
321,PG211/BKP211,1/5/2019,0:58:58,99.815987,17.116699,731.52
322,PG211/BKP211,1/5/2019,0:59:04,99.816185,17.120981,701.04
323,PG211/BKP211,1/5/2019,0:59:16,99.816429,17.129425,647.7
324,PG211/BKP211,1/5/2019,0:59:22,99.816528,17.133133,632.46
325,PG211/BKP211,1/5/2019,0:59:28,99.816574,17.136703,609.6
326,PG211/BKP211,1/5/2019,0:59:34,99.81662,17.14032,579.12
327,PG211/BKP211,1/5/2019,0:59:41,99.816628,17.143513,563.88
328,PG211/BKP211,1/5/2019,1:00:07,99.816628,17.158457,480.06
329,PG211/BKP211,1/5/2019,1:00:29,99.816811,17.170441,419.1
330,PG211/BKP211,1/5/2019,1:00:49,99.817116,17.18243,350.52
331,PG211/BKP211,1/5/2019,1:00:56,99.817268,17.185923,327.66
332,PG211/BKP211,1/5/2019,1:01:02,99.817314,17.189367,312.42
333,PG211/BKP211,1/5/2019,1:01:09,99.81739,17.192917,297.18
334,PG211/BKP211,1/5/2019,1:01:20,99.817558,17.199842,251.46
335,PG211/BKP211,1/5/2019,1:01:27,99.817657,17.203239,236.22
336,PG211/BKP211,1/5/2019,1:01:33,99.817657,17.206173,220.98
337,PG211/BKP211,1/5/2019,1:01:41,99.81778,17.211639,190.5
338,PG213/BKP213,30/4/2019,9:01:30,100.759804,13.69202,0
339,PG213/BKP213,30/4/2019,9:01:40,100.760384,13.691839,0
340,PG213/BKP213,30/4/2019,9:02:10,100.760864,13.691083,0
341,PG213/BKP213,30/4/2019,9:03:14,100.756371,13.674133,220.98
342,PG213/BKP213,30/4/2019,9:03:24,100.755333,13.669189,297.18
343,PG213/BKP213,30/4/2019,9:03:34,100.75663,13.663919,388.62
344,PG213/BKP213,30/4/2019,9:03:44,100.760208,13.659897,457.2
345,PG213/BKP213,30/4/2019,9:03:50,100.762695,13.658334,472.44
346,PG213/BKP213,30/4/2019,9:03:59,100.769012,13.656518,480.06
347,PG213/BKP213,30/4/2019,9:04:06,100.773056,13.655773,495.3
348,PG213/BKP213,30/4/2019,9:04:16,100.78109,13.654541,563.88
349,PG213/BKP213,30/4/2019,9:04:32,100.792381,13.6527,670.56
350,PG213/BKP213,30/4/2019,9:04:42,100.799995,13.65149,739.14
351,PG213/BKP213,30/4/2019,9:04:52,100.80761,13.650284,800.1
352,PG213/BKP213,30/4/2019,9:05:08,100.818886,13.648464,891.54
353,PG213/BKP213,30/4/2019,9:05:16,100.825096,13.64744,937.26
354,PG213/BKP213,30/4/2019,9:05:24,100.831192,13.646347,990.6
355,PG213/BKP213,30/4/2019,9:05:36,100.840714,13.644516,1074.42
356,PG213/BKP213,30/4/2019,9:05:46,100.848038,13.643064,1127.76
357,PG213/BKP213,30/4/2019,9:05:58,100.857193,13.64122,1188.72
358,PG213/BKP213,30/4/2019,9:06:08,100.864624,13.639709,1242.06
359,PG213/BKP213,30/4/2019,9:06:16,100.871071,13.638363,1280.16
360,PG213/BKP213,30/4/2019,9:06:30,100.881668,13.636128,1310.64
361,PG213/BKP213,30/4/2019,9:06:38,100.888206,13.634766,1333.5
362,PG213/BKP213,30/4/2019,9:07:32,100.938072,13.640717,1463.04
363,PG213/BKP213,30/4/2019,9:07:41,100.948395,13.642731,1485.9
364,PG213/BKP213,30/4/2019,9:07:52,100.959152,13.64488,1516.38
365,PG213/BKP213,30/4/2019,9:08:03,100.96994,13.646896,1562.1
366,PG213/BKP213,30/4/2019,9:08:13,100.979774,13.648744,1623.06
367,PG213/BKP213,30/4/2019,9:08:27,100.995041,13.651611,1714.5
368,PG213/BKP213,30/4/2019,9:08:43,101.008781,13.654098,1798.32
369,PG213/BKP213,30/4/2019,9:08:58,101.024025,13.656876,1905
370,PG213/BKP213,30/4/2019,9:09:14,101.037659,13.659348,1996.44
371,PG213/BKP213,30/4/2019,9:09:23,101.046852,13.661313,2049.78
372,PG213/BKP213,30/4/2019,9:09:29,101.051064,13.663422,2080.26
373,PG213/BKP213,30/4/2019,9:09:38,101.057411,13.669556,2125.98
374,PG213/BKP213,30/4/2019,9:09:49,101.063469,13.676376,2156.46
375,PG213/BKP213,30/4/2019,9:10:09,101.076019,13.690842,2247.9
376,PG213/BKP213,30/4/2019,9:10:24,101.08506,13.701279,2316.48
377,PG213/BKP213,30/4/2019,9:10:39,101.094154,13.711945,2385.06
378,PG213/BKP213,30/4/2019,9:10:54,101.10334,13.722839,2453.64
379,PG213/BKP213,30/4/2019,9:11:10,101.112282,13.733888,2514.6
380,PG213/BKP213,30/4/2019,9:11:19,101.115807,13.742454,2567.94
381,PG213/BKP213,30/4/2019,9:11:30,101.118454,13.751531,2606.04
382,PG213/BKP213,30/4/2019,9:11:45,101.122284,13.765503,2667
383,PG213/BKP213,30/4/2019,9:12:00,101.126122,13.779144,2735.58
384,PG213/BKP213,30/4/2019,9:12:16,101.129967,13.79259,2796.54
385,PG213/BKP213,30/4/2019,9:12:30,101.13398,13.806152,2849.88
386,PG213/BKP213,30/4/2019,9:12:46,101.138062,13.819777,2910.84
387,PG213/BKP213,30/4/2019,9:13:01,101.142113,13.83337,2979.42
388,PG213/BKP213,30/4/2019,9:13:16,101.146103,13.846664,3040.38
389,PG213/BKP213,30/4/2019,9:13:32,101.150063,13.860463,3093.72
390,PG213/BKP213,30/4/2019,9:13:42,101.151077,13.869507,3131.82
391,PG213/BKP213,30/4/2019,9:13:52,101.15136,13.879166,3177.54
392,PG213/BKP213,30/4/2019,9:14:06,101.151688,13.893356,3223.26
393,PG213/BKP213,30/4/2019,9:14:21,101.152138,13.907528,3276.6
394,PG213/BKP213,30/4/2019,9:14:38,101.152519,13.922285,3322.32
395,PG213/BKP213,30/4/2019,9:14:53,101.152855,13.936855,3375.66
396,PG213/BKP213,30/4/2019,9:15:08,101.15329,13.951194,3429
397,PG213/BKP213,30/4/2019,9:15:23,101.153824,13.965625,3482.34
398,PG213/BKP213,30/4/2019,9:15:39,101.154343,13.980148,3535.68
399,PG213/BKP213,30/4/2019,9:15:54,101.154884,13.994441,3573.78
400,PG213/BKP213,30/4/2019,9:16:09,101.155411,14.009058,3619.5
401,PG213/BKP213,30/4/2019,9:16:19,101.155746,14.019114,3657.6
402,PG213/BKP213,30/4/2019,9:16:54,101.156898,14.053253,3779.52
403,PG213/BKP213,30/4/2019,9:17:15,101.156662,14.072556,3840.48
404,PG213/BKP213,30/4/2019,9:17:24,101.154015,14.081863,3878.58
405,PG213/BKP213,30/4/2019,9:17:30,101.152451,14.086624,3893.82
406,PG213/BKP213,30/4/2019,9:17:40,101.149422,14.095642,3924.3
407,PG213/BKP213,30/4/2019,9:18:15,101.138481,14.128189,4015.74
408,PG213/BKP213,30/4/2019,9:18:45,101.12915,14.156116,4107.18
409,PG213/BKP213,30/4/2019,9:19:20,101.118454,14.188749,4213.86
410,PG213/BKP213,30/4/2019,9:19:51,101.109253,14.217333,4282.44
411,PG213/BKP213,30/4/2019,9:20:21,101.100624,14.246242,4366.26
412,PG213/BKP213,30/4/2019,9:20:27,101.100334,14.252153,4381.5
413,PG213/BKP213,30/4/2019,9:20:48,101.101303,14.272659,4442.46
414,PG213/BKP213,30/4/2019,9:21:22,101.102867,14.308823,4541.52
415,PG213/BKP213,30/4/2019,9:21:58,101.104576,14.345677,4625.34
416,PG213/BKP213,30/4/2019,9:22:34,101.106468,14.381332,4709.16
417,PG213/BKP213,30/4/2019,9:23:03,101.108032,14.412506,4762.5
418,PG213/BKP213,30/4/2019,9:23:38,101.110023,14.449442,4853.94
419,PG213/BKP213,30/4/2019,9:24:14,101.111946,14.487243,4876.8
420,PG213/BKP213,30/4/2019,9:24:45,101.113777,14.520574,4876.8
421,PG213/BKP213,30/4/2019,9:25:20,101.115799,14.560776,4876.8
422,PG213/BKP213,30/4/2019,9:25:50,101.117546,14.596161,4876.8
423,PG213/BKP213,30/4/2019,9:26:26,101.119629,14.638138,4876.8
424,PG213/BKP213,30/4/2019,9:26:57,101.12149,14.674336,4876.8
425,PG213/BKP213,30/4/2019,9:27:32,101.123566,14.71669,4876.8
426,PG213/BKP213,30/4/2019,9:28:03,101.124557,14.753723,4876.8
427,PG213/BKP213,30/4/2019,9:28:14,101.121719,14.76535,4876.8
428,PG213/BKP213,30/4/2019,9:28:23,101.117882,14.777115,4876.8
429,PG213/BKP213,30/4/2019,9:28:59,101.10434,14.817307,4876.8
430,PG213/BKP213,30/4/2019,9:29:34,101.091179,14.856949,4876.8
431,PG213/BKP213,30/4/2019,9:30:05,101.079613,14.89151,4876.8
432,PG213/BKP213,30/4/2019,9:30:36,101.068283,14.925904,4876.8
433,PG213/BKP213,30/4/2019,9:31:07,101.056953,14.960167,4876.8
434,PG213/BKP213,30/4/2019,9:31:41,101.043617,15.000015,4876.8
435,PG213/BKP213,30/4/2019,9:32:13,101.031815,15.034973,4876.8
436,PG213/BKP213,30/4/2019,9:32:48,101.018707,15.074158,4876.8
437,PG213/BKP213,30/4/2019,9:33:24,101.005257,15.113929,4876.8
438,PG213/BKP213,30/4/2019,9:33:54,100.993881,15.147447,4876.8
439,PG213/BKP213,30/4/2019,9:34:20,100.981796,15.174454,4876.8
440,PG213/BKP213,30/4/2019,9:34:30,100.975784,15.184828,4876.8
441,PG213/BKP213,30/4/2019,9:35:01,100.958046,15.21579,4876.8
442,PG213/BKP213,30/4/2019,9:35:36,100.938118,15.251444,4876.8
443,PG213/BKP213,30/4/2019,9:36:06,100.920746,15.282715,4876.8
444,PG213/BKP213,30/4/2019,9:36:42,100.900154,15.319783,4876.8
445,PG213/BKP213,30/4/2019,9:37:13,100.882439,15.351563,4876.8
446,PG213/BKP213,30/4/2019,9:37:43,100.86499,15.382861,4876.8
447,PG213/BKP213,30/4/2019,9:38:19,100.844337,15.419917,4876.8
448,PG213/BKP213,30/4/2019,9:38:49,100.827026,15.45106,4876.8
449,PG213/BKP213,30/4/2019,9:39:24,100.806839,15.487198,4876.8
450,PG213/BKP213,30/4/2019,9:39:59,100.786934,15.522766,4876.8
451,PG213/BKP213,30/4/2019,9:40:34,100.766899,15.558736,4876.8
452,PG213/BKP213,30/4/2019,9:41:10,100.746269,15.595734,4876.8
453,PG213/BKP213,30/4/2019,9:41:26,100.736092,15.610641,4876.8
454,PG213/BKP213,30/4/2019,9:41:36,100.728004,15.619583,4876.8
455,PG213/BKP213,30/4/2019,9:42:15,100.697639,15.655285,4876.8
456,PG213/BKP213,30/4/2019,9:42:46,100.673119,15.683441,4876.8
457,PG213/BKP213,30/4/2019,9:43:23,100.645607,15.715569,4876.8
458,PG213/BKP213,30/4/2019,9:43:57,100.618484,15.74783,4876.8
459,PG213/BKP213,30/4/2019,9:44:28,100.595787,15.776276,4876.8
460,PG213/BKP213,30/4/2019,9:44:36,100.59082,15.785477,4876.8
461,PG213/BKP213,30/4/2019,9:44:43,100.587585,15.792055,4876.8
462,PG213/BKP213,30/4/2019,9:44:51,100.583221,15.800993,4884.42
463,PG213/BKP213,30/4/2019,9:45:23,100.566246,15.834604,4884.42
464,PG213/BKP213,30/4/2019,9:46:00,100.546432,15.872265,4876.8
465,PG213/BKP213,30/4/2019,9:46:28,100.530731,15.902069,4876.8
466,PG213/BKP213,30/4/2019,9:47:06,100.510628,15.940138,4876.8
467,PG213/BKP213,30/4/2019,9:47:32,100.495361,15.969086,4876.8
468,PG213/BKP213,30/4/2019,9:48:20,100.469627,16.017834,4876.8
469,PG213/BKP213,30/4/2019,9:48:52,100.45192,16.051304,4876.8
470,PG213/BKP213,30/4/2019,9:49:47,100.421417,16.10903,4876.8
471,PG213/BKP213,30/4/2019,9:50:17,100.404938,16.140173,4876.8
472,PG213/BKP213,30/4/2019,9:50:44,100.3908,16.166885,4876.8
473,PG213/BKP213,30/4/2019,9:51:44,100.35878,16.227459,4876.8
474,PG213/BKP213,30/4/2019,9:53:26,100.301155,16.336159,4876.8
475,PG213/BKP213,30/4/2019,9:53:59,100.284775,16.367115,4876.8
476,PG213/BKP213,30/4/2019,9:54:32,100.267067,16.400494,4876.8
477,PG213/BKP213,30/4/2019,9:55:04,100.249802,16.433079,4876.8
478,PG213/BKP213,30/4/2019,9:55:29,100.234871,16.461136,4869.18
479,PG213/BKP213,30/4/2019,9:56:07,100.213867,16.500732,4747.26
480,PG213/BKP213,30/4/2019,9:56:42,100.190155,16.541245,4610.1
481,PG213/BKP213,30/4/2019,9:57:18,100.164024,16.575483,4434.84
482,PG213/BKP213,30/4/2019,9:57:51,100.135223,16.61348,4160.52
483,PG213/BKP213,30/4/2019,9:58:23,100.109642,16.647125,3924.3
484,PG213/BKP213,30/4/2019,9:58:55,100.083046,16.68218,3688.08
485,PG213/BKP213,30/4/2019,9:59:28,100.058426,16.714535,3467.1
486,PG213/BKP213,30/4/2019,9:59:40,100.048615,16.727476,3375.66
487,PG213/BKP213,30/4/2019,9:59:52,100.038368,16.740875,3284.22
488,PG213/BKP213,30/4/2019,10:00:04,100.029289,16.752848,3200.4
489,PG213/BKP213,30/4/2019,10:00:17,100.019875,16.765324,3116.58
490,PG213/BKP213,30/4/2019,10:00:29,100.010017,16.778172,3025.14
491,PG213/BKP213,30/4/2019,10:00:40,100.000946,16.790182,2941.32
492,PG213/BKP213,30/4/2019,10:00:55,99.991585,16.802628,2857.5
493,PG213/BKP213,30/4/2019,10:01:10,99.981567,16.815599,2773.68
494,PG213/BKP213,30/4/2019,10:01:35,99.965485,16.836687,2628.9
495,PG213/BKP213,30/4/2019,10:01:46,99.958076,16.846371,2560.32
496,PG213/BKP213,30/4/2019,10:01:57,99.951355,16.855263,2499.36
497,PG213/BKP213,30/4/2019,10:02:10,99.944641,16.864014,2446.02
498,PG213/BKP213,30/4/2019,10:02:22,99.937965,16.872673,2385.06
499,PG213/BKP213,30/4/2019,10:02:37,99.929283,16.884064,2301.24
500,PG213/BKP213,30/4/2019,10:02:51,99.92247,16.893015,2240.28
501,PG213/BKP213,30/4/2019,10:03:02,99.915833,16.901779,2186.94
502,PG213/BKP213,30/4/2019,10:03:13,99.909187,16.910477,2118.36
503,PG213/BKP213,30/4/2019,10:03:27,99.902412,16.919365,2057.4
504,PG213/BKP213,30/4/2019,10:03:39,99.895546,16.928349,2004.06
505,PG213/BKP213,30/4/2019,10:03:51,99.88842,16.937714,1935.48
506,PG213/BKP213,30/4/2019,10:04:03,99.881905,16.946318,1874.52
507,PG213/BKP213,30/4/2019,10:04:13,99.875938,16.954056,1821.18
508,PG213/BKP213,30/4/2019,10:04:26,99.868423,16.963806,1760.22
509,PG213/BKP213,30/4/2019,10:04:39,99.861671,16.97287,1699.26
510,PG213/BKP213,30/4/2019,10:04:52,99.854836,16.981659,1630.68
511,PG213/BKP213,30/4/2019,10:05:02,99.848557,16.989937,1569.72
512,PG213/BKP213,30/4/2019,10:05:16,99.841103,16.999714,1493.52
513,PG213/BKP213,30/4/2019,10:05:27,99.834183,17.008698,1424.94
514,PG213/BKP213,30/4/2019,10:05:34,99.83075,17.013214,1386.84
515,PG213/BKP213,30/4/2019,10:05:41,99.827171,17.017868,1348.74
516,PG213/BKP213,30/4/2019,10:05:53,99.819801,17.027756,1272.54
517,PG213/BKP213,30/4/2019,10:06:00,99.817101,17.032883,1234.44
518,PG213/BKP213,30/4/2019,10:06:06,99.815399,17.03891,1196.34
519,PG213/BKP213,30/4/2019,10:06:12,99.814568,17.044451,1165.86
520,PG213/BKP213,30/4/2019,10:06:22,99.814117,17.05275,1112.52
521,PG213/BKP213,30/4/2019,10:06:32,99.814117,17.063553,1051.56
522,PG213/BKP213,30/4/2019,10:06:53,99.814667,17.082903,944.88
523,PG213/BKP213,30/4/2019,10:07:01,99.81501,17.09091,899.16
524,PG213/BKP213,30/4/2019,10:07:08,99.8153,17.096029,868.68
525,PG213/BKP213,30/4/2019,10:07:18,99.815742,17.105202,830.58
526,PG213/BKP213,30/4/2019,10:07:28,99.816139,17.115921,762
527,PG213/BKP213,30/4/2019,10:07:39,99.81633,17.123978,723.9
528,PG213/BKP213,30/4/2019,10:07:57,99.816475,17.137711,640.08
529,PG213/BKP213,30/4/2019,10:08:03,99.816528,17.141838,624.84
530,PG213/BKP213,30/4/2019,10:08:09,99.816528,17.145981,594.36
531,PG213/BKP213,30/4/2019,10:08:33,99.816772,17.161808,510.54
532,PG213/BKP213,30/4/2019,10:08:58,99.81707,17.176704,426.72
533,PG213/BKP213,30/4/2019,10:09:05,99.817299,17.182022,396.24
534,PG213/BKP213,30/4/2019,10:09:12,99.81736,17.18611,381
535,PG213/BKP213,30/4/2019,10:09:18,99.817459,17.189787,358.14
536,PG213/BKP213,30/4/2019,10:09:24,99.81749,17.193649,335.28
537,PG213/BKP213,30/4/2019,10:09:34,99.81768,17.19873,312.42
538,PG213/BKP213,30/4/2019,10:09:40,99.81768,17.201843,289.56
539,PG301/BKP301,30/4/2019,1:54:44,100.75959,13.692078,0
540,PG301/BKP301,30/4/2019,2:01:05,100.759804,13.69202,0
541,PG301/BKP301,30/4/2019,2:01:11,100.760109,13.691933,0
542,PG301/BKP301,30/4/2019,2:01:18,100.760437,13.691781,0
543,PG301/BKP301,30/4/2019,2:03:03,100.756325,13.673035,182.88
544,PG301/BKP301,30/4/2019,2:03:12,100.75528,13.66811,281.94
545,PG301/BKP301,30/4/2019,2:03:22,100.755852,13.662506,358.14
546,PG301/BKP301,30/4/2019,2:03:32,100.759071,13.657471,396.24
547,PG301/BKP301,30/4/2019,2:03:38,100.761833,13.655912,411.48
548,PG301/BKP301,30/4/2019,2:03:48,100.769249,13.653957,434.34
549,PG301/BKP301,30/4/2019,2:03:58,100.776215,13.652618,472.44
550,PG301/BKP301,30/4/2019,2:04:04,100.781876,13.651537,495.3
551,PG301/BKP301,30/4/2019,2:04:15,100.790886,13.649721,556.26
552,PG301/BKP301,30/4/2019,2:04:24,100.798897,13.648178,609.6
553,PG301/BKP301,30/4/2019,2:04:34,100.80761,13.64653,662.94
554,PG301/BKP301,30/4/2019,2:04:45,100.816849,13.644791,723.9
555,PG301/BKP301,30/4/2019,2:04:56,100.825508,13.643143,792.48
556,PG301/BKP301,30/4/2019,2:05:02,100.832329,13.641761,853.44
557,PG301/BKP301,30/4/2019,2:05:16,100.84407,13.639343,952.5
558,PG301/BKP301,30/4/2019,2:05:26,100.851791,13.637711,1005.84
559,PG301/BKP301,30/4/2019,2:05:37,100.861687,13.635727,1074.42
560,PG301/BKP301,30/4/2019,2:05:47,100.870682,13.633894,1127.76
561,PG301/BKP301,30/4/2019,2:05:57,100.879257,13.632171,1196.34
562,PG301/BKP301,30/4/2019,2:06:12,100.892845,13.629424,1287.78
563,PG301/BKP301,30/4/2019,2:06:22,100.901276,13.627808,1348.74
564,PG301/BKP301,30/4/2019,2:06:33,100.910416,13.625977,1409.7
565,PG301/BKP301,30/4/2019,2:06:44,100.919395,13.624071,1470.66
566,PG301/BKP301,30/4/2019,2:06:53,100.928123,13.622255,1531.62
567,PG301/BKP301,30/4/2019,2:07:09,100.941673,13.619476,1554.48
568,PG301/BKP301,30/4/2019,2:07:24,100.956161,13.616436,1554.48
569,PG301/BKP301,30/4/2019,2:07:38,100.971695,13.612885,1554.48
570,PG301/BKP301,30/4/2019,2:07:53,100.988403,13.608849,1546.86
571,PG301/BKP301,30/4/2019,2:08:08,101.004929,13.605078,1546.86
572,PG301/BKP301,30/4/2019,2:08:24,101.022514,13.601307,1546.86
573,PG301/BKP301,30/4/2019,2:08:40,101.040489,13.59735,1546.86
574,PG301/BKP301,30/4/2019,2:08:50,101.0522,13.594743,1546.86
575,PG301/BKP301,30/4/2019,2:09:04,101.070267,13.5906,1546.86
576,PG301/BKP301,30/4/2019,2:09:14,101.081787,13.586503,1539.24
577,PG301/BKP301,30/4/2019,2:09:20,101.086815,13.583313,1539.24
578,PG301/BKP301,30/4/2019,2:09:30,101.095764,13.574982,1554.48
579,PG301/BKP301,30/4/2019,2:09:40,101.104004,13.565369,1554.48
580,PG301/BKP301,30/4/2019,2:09:50,101.111862,13.556122,1554.48
581,PG301/BKP301,30/4/2019,2:10:06,101.125099,13.543303,1554.48
582,PG301/BKP301,30/4/2019,2:10:19,101.138016,13.531898,1562.1
583,PG301/BKP301,30/4/2019,2:10:35,101.152138,13.519468,1653.54
584,PG301/BKP301,30/4/2019,2:10:51,101.165901,13.507507,1752.6
585,PG301/BKP301,30/4/2019,2:11:05,101.17807,13.496841,1859.28
586,PG301/BKP301,30/4/2019,2:11:21,101.189819,13.486509,1965.96
587,PG301/BKP301,30/4/2019,2:11:31,101.197525,13.479852,2026.92
588,PG301/BKP301,30/4/2019,2:11:41,101.206726,13.473987,2103.12
589,PG301/BKP301,30/4/2019,2:11:47,101.211311,13.472031,2141.22
590,PG301/BKP301,30/4/2019,2:11:57,101.220352,13.468643,2209.8
591,PG301/BKP301,30/4/2019,2:12:07,101.229713,13.465374,2278.38
592,PG301/BKP301,30/4/2019,2:12:22,101.242989,13.460495,2385.06
593,PG301/BKP301,30/4/2019,2:12:37,101.256409,13.455366,2476.5
594,PG301/BKP301,30/4/2019,2:12:53,101.269081,13.450195,2545.08
595,PG301/BKP301,30/4/2019,2:13:07,101.281799,13.444193,2621.28
596,PG301/BKP301,30/4/2019,2:13:23,101.293991,13.437698,2697.48
597,PG301/BKP301,30/4/2019,2:13:37,101.306114,13.430099,2773.68
598,PG301/BKP301,30/4/2019,2:13:53,101.317795,13.422593,2849.88
599,PG301/BKP301,30/4/2019,2:14:08,101.329796,13.41481,2926.08
600,PG301/BKP301,30/4/2019,2:14:23,101.341164,13.407185,2987.04
601,PG301/BKP301,30/4/2019,2:14:38,101.352638,13.398711,3048
602,PG301/BKP301,30/4/2019,2:14:54,101.364105,13.389634,3116.58
603,PG301/BKP301,30/4/2019,2:15:09,101.375114,13.380753,3177.54
604,PG301/BKP301,30/4/2019,2:15:23,101.386383,13.371735,3230.88
605,PG301/BKP301,30/4/2019,2:15:38,101.397224,13.363174,3276.6
606,PG301/BKP301,30/4/2019,2:15:54,101.408913,13.353743,3314.7
607,PG301/BKP301,30/4/2019,2:16:09,101.420959,13.344338,3375.66
608,PG301/BKP301,30/4/2019,2:16:19,101.429283,13.339417,3413.76
609,PG301/BKP301,30/4/2019,2:16:25,101.433685,13.337216,3429
610,PG301/BKP301,30/4/2019,2:16:33,101.441589,13.333538,3467.1
611,PG301/BKP301,30/4/2019,2:16:44,101.452019,13.328842,3512.82
612,PG301/BKP301,30/4/2019,2:16:59,101.46505,13.322925,3573.78
613,PG301/BKP301,30/4/2019,2:17:15,101.479607,13.316407,3649.98
614,PG301/BKP301,30/4/2019,2:17:30,101.493141,13.310355,3703.32
615,PG301/BKP301,30/4/2019,2:18:05,101.525749,13.295609,3848.1
616,PG301/BKP301,30/4/2019,2:18:35,101.553185,13.282936,3970.02
617,PG301/BKP301,30/4/2019,2:19:12,101.585129,13.267993,4091.94
618,PG301/BKP301,30/4/2019,2:19:46,101.617477,13.253128,4213.86
619,PG301/BKP301,30/4/2019,2:20:16,101.645363,13.240448,4320.54
620,PG301/BKP301,30/4/2019,2:20:51,101.677711,13.225708,4434.84
621,PG301/BKP301,30/4/2019,2:21:27,101.711235,13.210594,4511.04
622,PG301/BKP301,30/4/2019,2:21:58,101.740196,13.197745,4572
623,PG301/BKP301,30/4/2019,2:22:33,101.776039,13.181871,4572
624,PG301/BKP301,30/4/2019,2:23:08,101.813438,13.165252,4572
625,PG301/BKP301,30/4/2019,2:23:43,101.852493,13.147934,4572
626,PG301/BKP301,30/4/2019,2:24:11,101.88504,13.13341,4572
627,PG301/BKP301,30/4/2019,2:24:24,101.897957,13.124863,4564.38
628,PG301/BKP301,30/4/2019,2:24:34,101.906044,13.115023,4572
629,PG301/BKP301,30/4/2019,2:24:43,101.912971,13.104858,4579.62
630,PG301/BKP301,30/4/2019,2:24:54,101.91954,13.095005,4572
631,PG301/BKP301,30/4/2019,2:25:24,101.939247,13.061581,4572
632,PG301/BKP301,30/4/2019,2:25:35,101.943748,13.049469,4572
633,PG301/BKP301,30/4/2019,2:26:14,101.963776,13.003064,4572
634,PG301/BKP301,30/4/2019,2:26:50,101.984047,12.960892,4572
635,PG301/BKP301,30/4/2019,2:27:20,102.000862,12.925919,4572
636,PG301/BKP301,30/4/2019,2:27:55,102.020393,12.88538,4572
637,PG301/BKP301,30/4/2019,2:28:30,102.039734,12.845169,4572
638,PG301/BKP301,30/4/2019,2:28:51,102.052528,12.821651,4564.38
639,PG301/BKP301,30/4/2019,2:29:02,102.061348,12.812666,4556.76
640,PG301/BKP301,30/4/2019,2:29:12,102.070602,12.804053,4511.04
641,PG301/BKP301,30/4/2019,2:29:51,102.1091,12.76886,4168.14
642,PG301/BKP301,30/4/2019,2:30:28,102.143349,12.737411,3901.44
643,PG301/BKP301,30/4/2019,2:30:58,102.172615,12.710495,3672.84
644,PG301/BKP301,30/4/2019,2:31:30,102.20311,12.682434,3444.24
645,PG301/BKP301,30/4/2019,2:31:42,102.214195,12.672226,3352.8
646,PG301/BKP301,30/4/2019,2:31:56,102.226051,12.661325,3253.74
647,PG301/BKP301,30/4/2019,2:32:07,102.236649,12.651548,3177.54
648,PG301/BKP301,30/4/2019,2:32:19,102.24749,12.641586,3093.72
649,PG301/BKP301,30/4/2019,2:32:31,102.257851,12.63209,3009.9
650,PG301/BKP301,30/4/2019,2:32:43,102.268791,12.622009,2918.46
651,PG301/BKP301,30/4/2019,2:32:55,102.279404,12.612213,2842.26
652,PG301/BKP301,30/4/2019,2:33:11,102.292374,12.600311,2743.2
653,PG301/BKP301,30/4/2019,2:33:23,102.302887,12.590607,2659.38
654,PG301/BKP301,30/4/2019,2:33:34,102.313736,12.580673,2575.56
655,PG301/BKP301,30/4/2019,2:33:46,102.323822,12.571381,2499.36
656,PG301/BKP301,30/4/2019,2:33:58,102.334854,12.561237,2415.54
657,PG301/BKP301,30/4/2019,2:34:11,102.344749,12.552063,2339.34
658,PG301/BKP301,30/4/2019,2:34:25,102.356056,12.541638,2240.28
659,PG301/BKP301,30/4/2019,2:34:35,102.365158,12.533259,2171.7
660,PG301/BKP301,30/4/2019,2:34:48,102.376678,12.522645,2087.88
661,PG301/BKP301,30/4/2019,2:35:00,102.38723,12.512962,2004.06
662,PG301/BKP301,30/4/2019,2:35:10,102.39682,12.504117,1927.86
663,PG301/BKP301,30/4/2019,2:35:23,102.408585,12.493195,1836.42
664,PG301/BKP301,30/4/2019,2:35:29,102.414215,12.48801,1790.7
665,PG305/BKP305,1/5/2019,4:21:50,100.757286,13.699837,0
666,PG305/BKP305,1/5/2019,4:34:03,100.757797,13.699707,0
667,PG305/BKP305,1/5/2019,4:40:03,100.76078,13.690796,0
668,PG305/BKP305,1/5/2019,4:40:48,100.75647,13.6745,91.44
669,PG305/BKP305,1/5/2019,4:41:00,100.75528,13.66811,213.36
670,PG305/BKP305,1/5/2019,4:41:09,100.755661,13.662756,304.8
671,PG305/BKP305,1/5/2019,4:41:20,100.758606,13.657263,358.14
672,PG305/BKP305,1/5/2019,4:42:21,100.805489,13.644368,495.3
673,PG305/BKP305,1/5/2019,4:42:34,100.816856,13.641761,571.5
674,PG305/BKP305,1/5/2019,4:42:54,100.834221,13.637695,716.28
675,PG305/BKP305,1/5/2019,4:43:04,100.842445,13.635896,762
676,PG305/BKP305,1/5/2019,4:43:13,100.850655,13.634079,800.1
677,PG305/BKP305,1/5/2019,4:43:25,100.85984,13.632078,861.06
678,PG305/BKP305,1/5/2019,4:43:34,100.868889,13.630005,922.02
679,PG305/BKP305,1/5/2019,4:43:45,100.877625,13.628028,975.36
680,PG305/BKP305,1/5/2019,4:43:54,100.886726,13.625933,1028.7
681,PG305/BKP305,1/5/2019,4:44:04,100.895645,13.623838,1074.42
682,PG305/BKP305,1/5/2019,4:44:15,100.904892,13.621743,1150.62
683,PG305/BKP305,1/5/2019,4:44:25,100.913498,13.619751,1211.58
684,PG305/BKP305,1/5/2019,4:44:36,100.922722,13.617554,1272.54
685,PG305/BKP305,1/5/2019,4:44:45,100.931541,13.615356,1303.02
686,PG305/BKP305,1/5/2019,4:44:55,100.940361,13.613178,1363.98
687,PG305/BKP305,1/5/2019,4:45:05,100.949417,13.611083,1432.56
688,PG305/BKP305,1/5/2019,4:45:16,100.958389,13.609039,1493.52
689,PG305/BKP305,1/5/2019,4:45:26,100.967148,13.607071,1546.86
690,PG305/BKP305,1/5/2019,4:45:41,100.980217,13.604187,1623.06
691,PG305/BKP305,1/5/2019,4:45:56,100.993576,13.601303,1699.26
692,PG305/BKP305,1/5/2019,4:46:11,101.007401,13.598236,1760.22
693,PG305/BKP305,1/5/2019,4:46:26,101.020393,13.595255,1828.8
694,PG305/BKP305,1/5/2019,4:46:42,101.034462,13.59209,1889.76
695,PG305/BKP305,1/5/2019,4:46:56,101.047668,13.589204,1950.72
696,PG305/BKP305,1/5/2019,4:47:11,101.061501,13.586178,2019.3
697,PG305/BKP305,1/5/2019,4:47:26,101.075356,13.583084,2095.5
698,PG305/BKP305,1/5/2019,4:47:42,101.088661,13.580109,2164.08
699,PG305/BKP305,1/5/2019,4:47:57,101.102821,13.57695,2232.66
700,PG305/BKP305,1/5/2019,4:48:06,101.111015,13.57402,2270.76
701,PG305/BKP305,1/5/2019,4:48:12,101.11409,13.571548,2286
702,PG305/BKP305,1/5/2019,4:48:21,101.119995,13.564391,2331.72
703,PG305/BKP305,1/5/2019,4:48:33,101.126022,13.556351,2362.2
704,PG305/BKP305,1/5/2019,4:48:41,101.131027,13.549495,2392.68
705,PG305/BKP305,1/5/2019,4:48:57,101.139465,13.537717,2446.02
706,PG305/BKP305,1/5/2019,4:49:08,101.144775,13.530258,2484.12
707,PG305/BKP305,1/5/2019,4:49:23,101.153305,13.518356,2537.46
708,PG305/BKP305,1/5/2019,4:49:38,101.161484,13.506899,2606.04
709,PG305/BKP305,1/5/2019,4:49:53,101.169922,13.495102,2674.62
710,PG305/BKP305,1/5/2019,4:50:08,101.178253,13.48339,2727.96
711,PG305/BKP305,1/5/2019,4:50:22,101.186203,13.472264,2781.3
712,PG305/BKP305,1/5/2019,4:50:38,101.19474,13.460266,2842.26
713,PG305/BKP305,1/5/2019,4:50:52,101.202492,13.449407,2895.6
714,PG305/BKP305,1/5/2019,4:51:09,101.211212,13.43721,2956.56
715,PG305/BKP305,1/5/2019,4:51:28,101.221718,13.422453,3025.14
716,PG305/BKP305,1/5/2019,4:51:48,101.23262,13.407166,3101.34
717,PG305/BKP305,1/5/2019,4:52:04,101.241333,13.394943,3162.3
718,PG305/BKP305,1/5/2019,4:52:19,101.249519,13.383489,3208.02
719,PG305/BKP305,1/5/2019,4:52:33,101.257248,13.37265,3246.12
720,PG305/BKP305,1/5/2019,4:52:50,101.266098,13.360245,3299.46
721,PG305/BKP305,1/5/2019,4:53:04,101.274391,13.348663,3345.18
722,PG305/BKP305,1/5/2019,4:53:14,101.279732,13.341173,3375.66
723,PG305/BKP305,1/5/2019,4:53:25,101.285316,13.333352,3406.14
724,PG305/BKP305,1/5/2019,4:53:40,101.2939,13.321289,3459.48
725,PG305/BKP305,1/5/2019,4:53:55,101.302521,13.309192,3505.2
726,PG305/BKP305,1/5/2019,4:54:09,101.310715,13.297693,3558.54
727,PG305/BKP305,1/5/2019,4:54:25,101.319626,13.285171,3611.88
728,PG305/BKP305,1/5/2019,4:54:40,101.32795,13.273499,3657.6
729,PG305/BKP305,1/5/2019,4:55:11,101.345184,13.249283,3749.04
730,PG305/BKP305,1/5/2019,4:55:46,101.365021,13.22144,3848.1
731,PG305/BKP305,1/5/2019,4:56:16,101.382362,13.197001,3939.54
732,PG305/BKP305,1/5/2019,4:56:52,101.402527,13.168625,4030.98
733,PG305/BKP305,1/5/2019,4:57:27,101.422417,13.140701,4122.42
734,PG305/BKP305,1/5/2019,4:57:58,101.439949,13.116047,4198.62
735,PG305/BKP305,1/5/2019,4:58:33,101.46035,13.08728,4274.82
736,PG305/BKP305,1/5/2019,4:59:09,101.481041,13.058167,4373.88
737,PG305/BKP305,1/5/2019,4:59:38,101.49852,13.033585,4427.22
738,PG305/BKP305,1/5/2019,5:00:13,101.51931,13.004321,4503.42
739,PG305/BKP305,1/5/2019,5:00:49,101.540619,12.97435,4564.38
740,PG305/BKP305,1/5/2019,5:01:19,101.559418,12.9478,4556.76
741,PG305/BKP305,1/5/2019,5:01:54,101.582771,12.914894,4564.38
742,PG305/BKP305,1/5/2019,5:02:30,101.606819,12.881012,4564.38
743,PG305/BKP305,1/5/2019,5:03:01,101.627846,12.851349,4503.42
744,PG305/BKP305,1/5/2019,5:03:36,101.653221,12.815458,4411.98
745,PG305/BKP305,1/5/2019,5:04:11,101.681213,12.779022,4320.54
746,PG305/BKP305,1/5/2019,5:04:20,101.689545,12.771286,4297.68
747,PG305/BKP305,1/5/2019,5:04:26,101.694283,12.767395,4290.06
748,PG305/BKP305,1/5/2019,5:04:47,101.718079,12.75103,4221.48
749,PG305/BKP305,1/5/2019,5:04:57,101.730461,12.746017,4206.24
750,PG305/BKP305,1/5/2019,5:05:05,101.741684,12.741627,4183.38
751,PG305/BKP305,1/5/2019,5:05:12,101.749641,12.738556,4160.52
752,PG305/BKP305,1/5/2019,5:05:40,101.785538,12.724635,3962.4
753,PG305/BKP305,1/5/2019,5:06:32,101.85054,12.699265,3680.46
754,PG305/BKP305,1/5/2019,5:07:06,101.896027,12.681528,3505.2
755,PG305/BKP305,1/5/2019,5:07:20,101.911156,12.675615,3436.62
756,PG305/BKP305,1/5/2019,5:07:31,101.926559,12.669525,3368.04
757,PG305/BKP305,1/5/2019,5:07:44,101.941895,12.663512,3299.46
758,PG305/BKP305,1/5/2019,5:07:56,101.95639,12.657852,3246.12
759,PG305/BKP305,1/5/2019,5:08:07,101.971626,12.651967,3185.16
760,PG305/BKP305,1/5/2019,5:08:20,101.98642,12.646148,3124.2
761,PG305/BKP305,1/5/2019,5:08:31,102.000832,12.640469,3055.62
762,PG305/BKP305,1/5/2019,5:08:43,102.016678,12.634232,2987.04
763,PG305/BKP305,1/5/2019,5:08:55,102.031166,12.628555,2926.08
764,PG305/BKP305,1/5/2019,5:09:06,102.046509,12.622546,2865.12
765,PG305/BKP305,1/5/2019,5:09:20,102.060768,12.617006,2804.16
766,PG305/BKP305,1/5/2019,5:09:31,102.07547,12.611234,2743.2
767,PG305/BKP305,1/5/2019,5:09:44,102.090218,12.605484,2689.86
768,PG305/BKP305,1/5/2019,5:09:56,102.104996,12.599716,2636.52
769,PG305/BKP305,1/5/2019,5:10:09,102.119362,12.594103,2560.32
770,PG305/BKP305,1/5/2019,5:10:21,102.134117,12.588318,2499.36
771,PG305/BKP305,1/5/2019,5:10:32,102.148567,12.582651,2446.02
772,PG305/BKP305,1/5/2019,5:10:44,102.162956,12.576965,2377.44
773,PG305/BKP305,1/5/2019,5:10:57,102.176689,12.571609,2316.48
774,PG305/BKP305,1/5/2019,5:11:08,102.191696,12.565704,2255.52
775,PG305/BKP305,1/5/2019,5:11:21,102.205666,12.560259,2202.18
776,PG305/BKP305,1/5/2019,5:11:33,102.220016,12.554581,2141.22
777,PG305/BKP305,1/5/2019,5:11:44,102.233376,12.549366,2080.26
778,PG305/BKP305,1/5/2019,5:11:56,102.247879,12.543687,2026.92
779,PG305/BKP305,1/5/2019,5:12:09,102.261833,12.538193,1965.96
780,PG305/BKP305,1/5/2019,5:12:22,102.27594,12.532608,1912.62
781,PG305/BKP305,1/5/2019,5:12:32,102.288353,12.527766,1851.66
782,PG305/BKP305,1/5/2019,5:12:46,102.30407,12.521622,1790.7
783,PG305/BKP305,1/5/2019,5:12:56,102.318375,12.515942,1729.74
784,PG305/BKP305,1/5/2019,5:13:02,102.324203,12.513009,1684.02
785,PG305/BKP305,1/5/2019,5:13:29,102.343765,12.485776,1501.14
786,PG305/BKP305,1/5/2019,5:13:39,102.348068,12.475891,1424.94
787,PG903/BKP903,1/5/2019,1:11:09,100.755707,13.669281,228.6
788,PG903/BKP903,1/5/2019,1:11:42,100.764526,13.651863,419.1
789,PG903/BKP903,1/5/2019,1:11:55,100.77359,13.64893,441.96
790,PG903/BKP903,1/5/2019,1:12:36,100.806404,13.639294,617.22
791,PG903/BKP903,1/5/2019,1:12:48,100.816711,13.636268,685.8
792,PG903/BKP903,1/5/2019,1:12:56,100.824471,13.634033,739.14
793,PG903/BKP903,1/5/2019,1:13:07,100.834976,13.631193,830.58
794,PG903/BKP903,1/5/2019,1:13:13,100.839943,13.62989,868.68
795,PG903/BKP903,1/5/2019,1:13:25,100.849724,13.627236,929.64
796,PG903/BKP903,1/5/2019,1:13:31,100.854347,13.625977,967.74
797,PG903/BKP903,1/5/2019,1:13:38,100.860565,13.624257,1005.84
798,PG903/BKP903,1/5/2019,1:13:44,100.865578,13.622814,1043.94
799,PG903/BKP903,1/5/2019,1:13:52,100.873245,13.620667,1089.66
800,PG903/BKP903,1/5/2019,1:14:00,100.87912,13.619064,1127.76
801,PG903/BKP903,1/5/2019,1:14:16,100.894173,13.615173,1226.82
802,PG903/BKP903,1/5/2019,1:14:22,100.899429,13.613846,1257.3
803,PG903/BKP903,1/5/2019,1:14:29,100.904739,13.612564,1287.78
804,PG903/BKP903,1/5/2019,1:14:41,100.916245,13.609863,1363.98
805,PG903/BKP903,1/5/2019,1:16:05,100.997559,13.591763,1569.72
806,PG903/BKP903,1/5/2019,1:16:18,101.012352,13.590367,1623.06
807,PG903/BKP903,1/5/2019,1:16:31,101.025253,13.589813,1676.4
808,PG903/BKP903,1/5/2019,1:16:46,101.04126,13.58911,1752.6
809,PG903/BKP903,1/5/2019,1:17:01,101.057159,13.588319,1836.42
810,PG903/BKP903,1/5/2019,1:17:16,101.073174,13.587387,1912.62
811,PG903/BKP903,1/5/2019,1:17:31,101.088387,13.586503,1988.82
812,PG903/BKP903,1/5/2019,1:17:46,101.103722,13.585602,2065.02
813,PG903/BKP903,1/5/2019,1:17:56,101.113953,13.584961,2118.36
814,PG903/BKP903,1/5/2019,1:18:12,101.129196,13.584036,2202.18
815,PG903/BKP903,1/5/2019,1:18:26,101.1437,13.583152,2278.38
816,PG903/BKP903,1/5/2019,1:18:42,101.158745,13.582214,2354.58
817,PG903/BKP903,1/5/2019,1:18:57,101.172951,13.581345,2430.78
818,PG903/BKP903,1/5/2019,1:19:12,101.187393,13.580475,2506.98
819,PG903/BKP903,1/5/2019,1:19:27,101.201477,13.579614,2583.18
820,PG903/BKP903,1/5/2019,1:19:38,101.211113,13.579008,2636.52
821,PG903/BKP903,1/5/2019,1:19:51,101.22403,13.578218,2705.1
822,PG903/BKP903,1/5/2019,1:20:08,101.239304,13.577286,2750.82
823,PG903/BKP903,1/5/2019,1:20:23,101.253708,13.576402,2788.92
824,PG903/BKP903,1/5/2019,1:20:39,101.268089,13.575531,2842.26
825,PG903/BKP903,1/5/2019,1:20:53,101.28257,13.574633,2895.6
826,PG903/BKP903,1/5/2019,1:21:03,101.292305,13.574027,2941.32
827,PG903/BKP903,1/5/2019,1:21:18,101.306923,13.573151,2994.66
828,PG903/BKP903,1/5/2019,1:21:34,101.321747,13.572258,3048
829,PG903/BKP903,1/5/2019,1:21:48,101.335915,13.571374,3108.96
830,PG903/BKP903,1/5/2019,1:22:01,101.346985,13.570679,3154.68
831,PG903/BKP903,1/5/2019,1:22:19,101.364883,13.569626,3215.64
832,PG903/BKP903,1/5/2019,1:22:34,101.379845,13.56871,3268.98
833,PG903/BKP903,1/5/2019,1:22:50,101.394363,13.567789,3322.32
834,PG903/BKP903,1/5/2019,1:23:06,101.410767,13.566833,3390.9
835,PG903/BKP903,1/5/2019,1:23:25,101.427948,13.565742,3444.24
836,PG903/BKP903,1/5/2019,1:23:39,101.442924,13.564819,3497.58
837,PG903/BKP903,1/5/2019,1:23:55,101.458069,13.563926,3543.3
838,PG903/BKP903,1/5/2019,1:24:11,101.473099,13.562995,3581.4
839,PG903/BKP903,1/5/2019,1:24:25,101.488007,13.562073,3634.74
840,PG903/BKP903,1/5/2019,1:24:40,101.502731,13.561203,3688.08
841,PG903/BKP903,1/5/2019,1:25:16,101.537956,13.558991,3794.76
842,PG903/BKP903,1/5/2019,1:25:51,101.573181,13.556803,3893.82
843,PG903/BKP903,1/5/2019,1:26:24,101.606094,13.554755,4008.12
844,PG903/BKP903,1/5/2019,1:26:56,101.638474,13.552753,4122.42
845,PG903/BKP903,1/5/2019,1:27:17,101.658432,13.551498,4191
846,PG903/BKP903,1/5/2019,1:28:02,101.702522,13.548752,4335.78
847,PG903/BKP903,1/5/2019,1:28:50,101.752434,13.545584,4488.18
848,PG903/BKP903,1/5/2019,1:29:24,101.785774,13.543488,4579.62
849,PG903/BKP903,1/5/2019,1:29:58,101.818932,13.541394,4663.44
850,PG903/BKP903,1/5/2019,1:30:44,101.867653,13.538315,4785.36
851,PG903/BKP903,1/5/2019,1:31:24,101.90947,13.535668,4899.66
852,PG903/BKP903,1/5/2019,1:31:57,101.94342,13.533508,4975.86
853,PG903/BKP903,1/5/2019,1:32:29,101.977844,13.531311,5059.68
854,PG903/BKP903,1/5/2019,1:33:03,102.014023,13.529022,5135.88
855,PG903/BKP903,1/5/2019,1:33:35,102.049538,13.526733,5173.98
856,PG903/BKP903,1/5/2019,1:34:09,102.08638,13.524399,5173.98
857,PG903/BKP903,1/5/2019,1:34:40,102.125099,13.521889,5173.98
858,PG903/BKP903,1/5/2019,1:35:14,102.16243,13.519501,5173.98
859,PG903/BKP903,1/5/2019,1:35:44,102.203064,13.516846,5173.98
860,PG903/BKP903,1/5/2019,1:36:18,102.243637,13.514255,5173.98
861,PG903/BKP903,1/5/2019,1:36:52,102.286125,13.51149,5173.98
862,PG903/BKP903,1/5/2019,1:37:23,102.323814,13.508994,5173.98
863,PG903/BKP903,1/5/2019,1:37:56,102.365639,13.504152,5173.98
864,PG903/BKP903,1/5/2019,1:38:30,102.407303,13.497208,5173.98
865,PG903/BKP903,1/5/2019,1:39:01,102.448929,13.490295,5173.98
866,PG903/BKP903,1/5/2019,1:39:36,102.491264,13.483204,5173.98
867,PG903/BKP903,1/5/2019,1:40:08,102.532982,13.476288,5173.98
868,PG903/BKP903,1/5/2019,1:40:42,102.574844,13.469284,5173.98
869,PG903/BKP903,1/5/2019,1:41:14,102.616753,13.46228,5173.98
870,PG903/BKP903,1/5/2019,1:41:46,102.655113,13.455872,5173.98
871,PG903/BKP903,1/5/2019,1:42:18,102.696632,13.448895,5173.98
872,PG903/BKP903,1/5/2019,1:42:49,102.735512,13.442517,5173.98
873,PG903/BKP903,1/5/2019,1:43:23,102.7798,13.434952,5105.4
874,PG903/BKP903,1/5/2019,1:43:58,102.823647,13.427582,4991.1
875,PG903/BKP903,1/5/2019,1:44:30,102.868896,13.419986,4869.18
876,PG903/BKP903,1/5/2019,1:45:03,102.915092,13.412201,4747.26
877,PG903/BKP903,1/5/2019,1:45:36,102.961647,13.404345,4632.96
878,PG903/BKP903,1/5/2019,1:46:06,103.004631,13.397129,4533.9
879,PG903/BKP903,1/5/2019,1:46:40,103.051857,13.389169,4404.36
880,PG903/BKP903,1/5/2019,1:47:13,103.098969,13.381119,4274.82
881,PG903/BKP903,1/5/2019,1:47:46,103.145531,13.373247,4084.32
882,PG903/BKP903,1/5/2019,1:48:17,103.186676,13.366311,3840.48
883,PG903/BKP903,1/5/2019,1:48:50,103.231468,13.358734,3589.02
884,PG903/BKP903,1/5/2019,1:49:01,103.247757,13.355988,3489.96
885,PG903/BKP903,1/5/2019,1:49:14,103.264885,13.35309,3390.9
886,PG903/BKP903,1/5/2019,1:49:25,103.281075,13.350297,3299.46
887,PG903/BKP903,1/5/2019,1:49:39,103.29731,13.34755,3208.02
888,PG903/BKP903,1/5/2019,1:49:51,103.312683,13.344955,3116.58
889,PG903/BKP903,1/5/2019,1:50:02,103.330078,13.342011,3017.52
890,PG903/BKP903,1/5/2019,1:50:14,103.345642,13.339325,2926.08
891,PG903/BKP903,1/5/2019,1:50:27,103.361305,13.336704,2834.64
892,PG903/BKP903,1/5/2019,1:50:38,103.377274,13.333969,2750.82
893,PG903/BKP903,1/5/2019,1:50:51,103.392914,13.331304,2659.38
894,PG903/BKP903,1/5/2019,1:51:03,103.407852,13.32879,2567.94
895,PG903/BKP903,1/5/2019,1:51:15,103.423538,13.326096,2484.12
896,PG903/BKP903,1/5/2019,1:51:27,103.439217,13.323437,2392.68
897,PG903/BKP903,1/5/2019,1:51:38,103.454887,13.32074,2301.24
898,PG903/BKP903,1/5/2019,1:51:51,103.46962,13.318222,2217.42
899,PG903/BKP903,1/5/2019,1:52:02,103.484726,13.315613,2125.98
900,PG903/BKP903,1/5/2019,1:52:14,103.500397,13.312958,2034.54
901,PG903/BKP903,1/5/2019,1:52:26,103.514748,13.310532,1950.72
902,PG903/BKP903,1/5/2019,1:52:39,103.530136,13.307877,1866.9
903,PG903/BKP903,1/5/2019,1:52:50,103.545097,13.305313,1775.46
904,PG903/BKP903,1/5/2019,1:53:02,103.559784,13.302795,1699.26
905,PG903/BKP903,1/5/2019,1:53:14,103.574417,13.300323,1607.82
906,PG903/BKP903,1/5/2019,1:53:26,103.589218,13.297787,1524
907,PG903/BKP903,1/5/2019,1:53:39,103.603775,13.295273,1440.18
908,PG903/BKP903,1/5/2019,1:53:45,103.610924,13.294006,1402.08
909,PG903/BKP903,1/5/2019,1:53:51,103.617989,13.292759,1356.36
910,PG903/BKP903,1/5/2019,1:53:57,103.624878,13.291595,1318.26
911,PG903/BKP903,1/5/2019,1:54:09,103.63839,13.289246,1234.44
912,PG903/BKP903,1/5/2019,1:54:20,103.651077,13.28714,1158.24
913,PG903/BKP903,1/5/2019,1:54:26,103.657692,13.286613,1112.52
914,PG903/BKP903,1/5/2019,1:54:32,103.664055,13.287506,1066.8
915,PG903/BKP903,1/5/2019,1:54:38,103.669838,13.2895,1021.08
916,PG903/BKP903,1/5/2019,1:54:45,103.675186,13.29248,982.98
917,PG903/BKP903,1/5/2019,1:54:51,103.680016,13.295975,952.5
918,PG903/BKP903,1/5/2019,1:54:57,103.684799,13.299911,914.4
919,PG903/BKP903,1/5/2019,1:55:05,103.691185,13.305468,861.06
920,PG903/BKP903,1/5/2019,1:55:15,103.697586,13.311127,815.34
921,PG903/BKP903,1/5/2019,1:55:26,103.70578,13.318316,754.38
922,PG903/BKP903,1/5/2019,1:55:32,103.709846,13.321884,723.9
923,PG903/BKP903,1/5/2019,1:55:38,103.713585,13.325159,701.04
924,PG903/BKP903,1/5/2019,1:55:45,103.717392,13.328511,670.56
925,PG903/BKP903,1/5/2019,1:55:51,103.721153,13.331723,647.7
926,PG903/BKP903,1/5/2019,1:55:57,103.724815,13.334888,632.46
927,PG903/BKP903,1/5/2019,1:56:09,103.731995,13.34108,571.5
928,PG903/BKP903,1/5/2019,1:56:15,103.735031,13.343734,548.64
929,PG903/BKP903,1/5/2019,1:56:21,103.738075,13.346375,525.78
930,PG903/BKP903,1/5/2019,1:56:27,103.74115,13.34904,502.92
931,PG903/BKP903,1/5/2019,1:56:39,103.746834,13.354019,457.2
932,PG903/BKP903,1/5/2019,1:56:51,103.75209,13.358643,419.1
933,PG903/BKP903,1/5/2019,1:57:03,103.757301,13.36322,381
934,PG903/BKP903,1/5/2019,1:57:09,103.760086,13.365613,358.14
935,PG903/BKP903,1/5/2019,1:57:15,103.762787,13.367988,342.9
936,PG903/BKP903,1/5/2019,1:57:27,103.768089,13.372502,304.8
937,PG903/BKP903,1/5/2019,1:57:33,103.770691,13.374784,289.56
938,PG903/BKP903,1/5/2019,1:57:39,103.773338,13.377111,266.7
939,PG903/BKP903,1/5/2019,1:57:45,103.775894,13.379346,243.84
940,PG903/BKP903,1/5/2019,1:57:51,103.778542,13.38158,228.6
941,PG903/BKP903,1/5/2019,1:57:57,103.781143,13.383862,213.36
942,PG903/BKP903,1/5/2019,1:58:04,103.783791,13.386143,190.5
943,PG903/BKP903,1/5/2019,1:58:15,103.789124,13.390686,152.4
944,PG903/BKP903,1/5/2019,1:58:21,103.79158,13.392838,137.16
945,PG903/BKP903,1/5/2019,1:58:27,103.794281,13.395218,114.3
946,PG903/BKP903,1/5/2019,1:58:33,103.796951,13.397548,99.06
947,PG903/BKP903,1/5/2019,1:58:39,103.799408,13.399735,76.2
948,PG903/BKP903,1/5/2019,1:58:49,103.803696,13.40346,45.72
949,PG905/BKP905,1/5/2019,3:37:16,100.760887,13.691128,0
950,PG905/BKP905,1/5/2019,3:39:04,100.755615,13.669876,190.5
951,PG905/BKP905,1/5/2019,3:39:15,100.754654,13.664292,259.08
952,PG905/BKP905,1/5/2019,3:39:24,100.755188,13.658844,335.28
953,PG905/BKP905,1/5/2019,3:39:30,100.756386,13.656053,365.76
954,PG905/BKP905,1/5/2019,3:39:40,100.760826,13.65097,426.72
955,PG905/BKP905,1/5/2019,3:39:50,100.766846,13.647905,434.34
956,PG905/BKP905,1/5/2019,3:40:00,100.774025,13.646044,449.58
957,PG905/BKP905,1/5/2019,3:40:09,100.781944,13.644241,480.06
958,PG905/BKP905,1/5/2019,3:40:25,100.795349,13.641357,510.54
959,PG905/BKP905,1/5/2019,3:40:34,100.804184,13.639433,571.5
960,PG905/BKP905,1/5/2019,3:40:46,100.813103,13.637421,624.84
961,PG905/BKP905,1/5/2019,3:40:55,100.821915,13.635361,670.56
962,PG905/BKP905,1/5/2019,3:41:04,100.829819,13.633474,716.28
963,PG905/BKP905,1/5/2019,3:41:11,100.835594,13.632111,754.38
964,PG905/BKP905,1/5/2019,3:41:20,100.844406,13.630005,800.1
965,PG905/BKP905,1/5/2019,3:41:31,100.853333,13.628028,861.06
966,PG905/BKP905,1/5/2019,3:41:42,100.862297,13.626166,922.02
967,PG905/BKP905,1/5/2019,3:41:50,100.871071,13.624351,967.74
968,PG905/BKP905,1/5/2019,3:42:01,100.880516,13.622721,1013.46
969,PG905/BKP905,1/5/2019,3:42:11,100.889763,13.622581,1059.18
970,PG905/BKP905,1/5/2019,3:42:21,100.899017,13.622861,1104.9
971,PG905/BKP905,1/5/2019,3:42:37,100.913185,13.62328,1188.72
972,PG905/BKP905,1/5/2019,3:42:52,100.92749,13.623652,1272.54
973,PG905/BKP905,1/5/2019,3:43:01,100.93679,13.623885,1318.26
974,PG905/BKP905,1/5/2019,3:43:11,100.946236,13.624165,1379.22
975,PG905/BKP905,1/5/2019,3:43:21,100.955215,13.624374,1432.56
976,PG905/BKP905,1/5/2019,3:43:41,100.971931,13.623505,1539.24
977,PG905/BKP905,1/5/2019,3:43:55,100.985893,13.622488,1615.44
978,PG905/BKP905,1/5/2019,3:44:11,100.99958,13.621557,1676.4
979,PG905/BKP905,1/5/2019,3:44:25,101.012985,13.620575,1737.36
980,PG905/BKP905,1/5/2019,3:44:41,101.026962,13.619614,1798.32
981,PG905/BKP905,1/5/2019,3:44:50,101.035812,13.619019,1836.42
982,PG905/BKP905,1/5/2019,3:45:05,101.050606,13.618019,1905
983,PG905/BKP905,1/5/2019,3:45:21,101.06456,13.616959,1958.34
984,PG905/BKP905,1/5/2019,3:45:37,101.078857,13.615952,2026.92
985,PG905/BKP905,1/5/2019,3:45:51,101.093346,13.614901,2087.88
986,PG905/BKP905,1/5/2019,3:46:06,101.107323,13.613923,2148.84
987,PG905/BKP905,1/5/2019,3:46:22,101.121826,13.612852,2209.8
988,PG905/BKP905,1/5/2019,3:46:31,101.131371,13.6122,2240.28
989,PG905/BKP905,1/5/2019,3:46:46,101.145821,13.611176,2301.24
990,PG905/BKP905,1/5/2019,3:47:02,101.159988,13.610152,2354.58
991,PG905/BKP905,1/5/2019,3:47:17,101.174751,13.609085,2423.16
992,PG905/BKP905,1/5/2019,3:47:32,101.189194,13.608078,2484.12
993,PG905/BKP905,1/5/2019,3:47:47,101.203453,13.607071,2537.46
994,PG905/BKP905,1/5/2019,3:48:01,101.217468,13.606064,2606.04
995,PG905/BKP905,1/5/2019,3:48:17,101.232506,13.604984,2674.62
996,PG905/BKP905,1/5/2019,3:48:32,101.246727,13.60396,2727.96
997,PG905/BKP905,1/5/2019,3:48:47,101.260941,13.602951,2788.92
998,PG905/BKP905,1/5/2019,3:49:02,101.275284,13.601898,2842.26
999,PG905/BKP905,1/5/2019,3:49:17,101.289223,13.600888,2895.6
1000,PG905/BKP905,1/5/2019,3:49:32,101.303703,13.599838,2956.56
1001,PG905/BKP905,1/5/2019,3:49:47,101.31736,13.598886,3002.28
1002,PG905/BKP905,1/5/2019,3:50:02,101.330956,13.597909,3055.62
1003,PG905/BKP905,1/5/2019,3:50:17,101.345695,13.596838,3108.96
1004,PG905/BKP905,1/5/2019,3:50:34,101.360954,13.595764,3162.3
1005,PG905/BKP905,1/5/2019,3:50:48,101.375397,13.594711,3208.02
1006,PG905/BKP905,1/5/2019,3:51:03,101.389404,13.593719,3261.36
1007,PG905/BKP905,1/5/2019,3:51:19,101.404472,13.592651,3299.46
1008,PG905/BKP905,1/5/2019,3:51:32,101.417496,13.59169,3329.94
1009,PG905/BKP905,1/5/2019,3:51:49,101.433594,13.590546,3383.28
1010,PG905/BKP905,1/5/2019,3:52:05,101.448624,13.589482,3421.38
1011,PG905/BKP905,1/5/2019,3:52:12,101.456764,13.588878,3451.86
1012,PG905/BKP905,1/5/2019,3:52:29,101.472137,13.587807,3505.2
1013,PG905/BKP905,1/5/2019,3:52:44,101.487793,13.586643,3535.68
1014,PG905/BKP905,1/5/2019,3:52:57,101.50032,13.585739,3573.78
1015,PG905/BKP905,1/5/2019,3:53:14,101.517319,13.584549,3627.12
1016,PG905/BKP905,1/5/2019,3:53:42,101.544411,13.582546,3695.7
1017,PG905/BKP905,1/5/2019,3:54:15,101.577408,13.580154,3779.52
1018,PG905/BKP905,1/5/2019,3:54:49,101.611877,13.577612,3855.72
1019,PG905/BKP905,1/5/2019,3:55:18,101.642326,13.575424,3947.16
1020,PG905/BKP905,1/5/2019,3:55:52,101.675812,13.572968,4038.6
1021,PG905/BKP905,1/5/2019,3:56:24,101.709694,13.570489,4099.56
1022,PG905/BKP905,1/5/2019,3:56:59,101.743576,13.567978,4183.38
1023,PG905/BKP905,1/5/2019,3:57:31,101.777824,13.565462,4259.58
1024,PG905/BKP905,1/5/2019,3:58:05,101.811462,13.562995,4335.78
1025,PG905/BKP905,1/5/2019,3:58:37,101.845764,13.560481,4404.36
1026,PG905/BKP905,1/5/2019,3:59:11,101.880363,13.55792,4480.56
1027,PG905/BKP905,1/5/2019,3:59:40,101.911736,13.555593,4533.9
1028,PG905/BKP905,1/5/2019,4:00:13,101.947151,13.552939,4572
1029,PG905/BKP905,1/5/2019,4:00:46,101.983902,13.550217,4572
1030,PG905/BKP905,1/5/2019,4:01:20,102.02256,13.547353,4564.38
1031,PG905/BKP905,1/5/2019,4:01:53,102.061707,13.544449,4572
1032,PG905/BKP905,1/5/2019,4:02:27,102.102455,13.541394,4564.38
1033,PG905/BKP905,1/5/2019,4:02:59,102.143303,13.538315,4572
1034,PG905/BKP905,1/5/2019,4:03:32,102.184357,13.533279,4564.38
1035,PG905/BKP905,1/5/2019,4:04:05,102.226822,13.526404,4564.38
1036,PG905/BKP905,1/5/2019,4:04:39,102.268982,13.519455,4564.38
1037,PG905/BKP905,1/5/2019,4:05:12,102.310654,13.512543,4564.38
1038,PG905/BKP905,1/5/2019,4:05:45,102.352608,13.50563,4572
1039,PG905/BKP905,1/5/2019,4:06:18,102.395515,13.498489,4564.38
1040,PG905/BKP905,1/5/2019,4:06:51,102.437805,13.491486,4564.38
1041,PG905/BKP905,1/5/2019,4:07:24,102.480042,13.484482,4572
1042,PG905/BKP905,1/5/2019,4:07:56,102.51873,13.478073,4564.38
1043,PG905/BKP905,1/5/2019,4:08:28,102.560509,13.471101,4564.38
1044,PG905/BKP905,1/5/2019,4:09:01,102.60334,13.463978,4572
1045,PG905/BKP905,1/5/2019,4:09:35,102.645264,13.456995,4564.38
1046,PG905/BKP905,1/5/2019,4:10:07,102.686852,13.450059,4564.38
1047,PG905/BKP905,1/5/2019,4:10:38,102.725204,13.443635,4572
1048,PG905/BKP905,1/5/2019,4:11:12,102.767105,13.436646,4564.38
1049,PG905/BKP905,1/5/2019,4:11:50,102.816132,13.428458,4572
1050,PG905/BKP905,1/5/2019,4:12:23,102.857605,13.421494,4564.38
1051,PG905/BKP905,1/5/2019,4:12:56,102.898964,13.414586,4556.76
1052,PG905/BKP905,1/5/2019,4:13:29,102.942368,13.407303,4427.22
1053,PG905/BKP905,1/5/2019,4:14:00,102.984253,13.400201,4297.68
1054,PG905/BKP905,1/5/2019,4:14:34,103.030312,13.392473,4168.14
1055,PG905/BKP905,1/5/2019,4:15:04,103.072212,13.385422,4084.32
1056,PG905/BKP905,1/5/2019,4:15:37,103.118057,13.377731,4008.12
1057,PG905/BKP905,1/5/2019,4:16:11,103.163559,13.369995,3901.44
1058,PG905/BKP905,1/5/2019,4:16:43,103.208786,13.362305,3718.56
1059,PG905/BKP905,1/5/2019,4:17:16,103.254578,13.354568,3451.86
1060,PG905/BKP905,1/5/2019,4:17:29,103.270615,13.35188,3360.42
1061,PG905/BKP905,1/5/2019,4:17:40,103.286903,13.349133,3268.98
1062,PG905/BKP905,1/5/2019,4:17:53,103.302597,13.346512,3177.54
1063,PG905/BKP905,1/5/2019,4:18:04,103.318901,13.343734,3086.1
1064,PG905/BKP905,1/5/2019,4:18:17,103.335091,13.34094,2994.66
1065,PG905/BKP905,1/5/2019,4:18:29,103.351135,13.338226,2895.6
1066,PG905/BKP905,1/5/2019,4:18:40,103.367332,13.33548,2804.16
1067,PG905/BKP905,1/5/2019,4:18:53,103.384285,13.332596,2712.72
1068,PG905/BKP905,1/5/2019,4:19:06,103.400192,13.329895,2621.28
1069,PG905/BKP905,1/5/2019,4:19:17,103.415703,13.327254,2529.84
1070,PG905/BKP905,1/5/2019,4:19:30,103.431686,13.324493,2430.78
1071,PG905/BKP905,1/5/2019,4:19:41,103.447411,13.321807,2346.96
1072,PG905/BKP905,1/5/2019,4:19:54,103.4627,13.319229,2255.52
1073,PG905/BKP905,1/5/2019,4:20:05,103.477951,13.31662,2171.7
1074,PG905/BKP905,1/5/2019,4:20:18,103.492996,13.313987,2080.26
1075,PG905/BKP905,1/5/2019,4:20:30,103.507599,13.31163,2004.06
1076,PG905/BKP905,1/5/2019,4:20:41,103.52256,13.309113,1920.24
1077,PG905/BKP905,1/5/2019,4:20:54,103.537949,13.306445,1828.8
1078,PG905/BKP905,1/5/2019,4:21:05,103.553391,13.303802,1729.74
1079,PG905/BKP905,1/5/2019,4:21:18,103.568161,13.301285,1645.92
1080,PG905/BKP905,1/5/2019,4:21:30,103.583199,13.298811,1546.86
1081,PG905/BKP905,1/5/2019,4:21:43,103.597557,13.296436,1447.8
1082,PG905/BKP905,1/5/2019,4:21:49,103.604591,13.295273,1409.7
1083,PG905/BKP905,1/5/2019,4:22:00,103.617981,13.293091,1356.36
1084,PG905/BKP905,1/5/2019,4:22:06,103.624207,13.292061,1325.88
1085,PG905/BKP905,1/5/2019,4:22:12,103.631142,13.29085,1287.78
1086,PG905/BKP905,1/5/2019,4:22:24,103.643555,13.288696,1226.82
1087,PG905/BKP905,1/5/2019,4:22:30,103.649185,13.287735,1203.96
1088,PG905/BKP905,1/5/2019,4:22:36,103.655533,13.286591,1173.48
1089,PG905/BKP905,1/5/2019,4:22:46,103.664436,13.286242,1112.52
1090,PG905/BKP905,1/5/2019,4:22:54,103.672104,13.288971,1043.94
1091,PG905/BKP905,1/5/2019,4:23:00,103.67717,13.29245,998.22
1092,PG905/BKP905,1/5/2019,4:23:06,103.68116,13.295924,960.12
1093,PG905/BKP905,1/5/2019,4:23:12,103.685402,13.299788,922.02
1094,PG905/BKP905,1/5/2019,4:23:18,103.689583,13.303619,891.54
1095,PG905/BKP905,1/5/2019,4:23:25,103.693588,13.307329,861.06
1096,PG905/BKP905,1/5/2019,4:23:37,103.701607,13.314789,792.48
1097,PG905/BKP905,1/5/2019,4:23:49,103.709328,13.321701,739.14
1098,PG905/BKP905,1/5/2019,4:24:01,103.717377,13.328568,685.8
1099,PG905/BKP905,1/5/2019,4:24:12,103.725143,13.335251,640.08
1100,PG905/BKP905,1/5/2019,4:24:18,103.729057,13.338566,594.36
1101,PG905/BKP905,1/5/2019,4:24:25,103.732628,13.341751,571.5
1102,PG905/BKP905,1/5/2019,4:24:36,103.739754,13.347877,518.16
1103,PG905/BKP905,1/5/2019,4:24:42,103.743187,13.350815,487.68
1104,PG905/BKP905,1/5/2019,4:24:49,103.746407,13.353653,464.82
1105,PG905/BKP905,1/5/2019,4:24:55,103.749245,13.356125,449.58
1106,PG905/BKP905,1/5/2019,4:25:01,103.752281,13.358688,426.72
1107,PG905/BKP905,1/5/2019,4:25:07,103.754883,13.360977,403.86
1108,PG905/BKP905,1/5/2019,4:25:13,103.757774,13.363495,388.62
1109,PG905/BKP905,1/5/2019,4:25:24,103.762833,13.367988,350.52
1110,PG905/BKP905,1/5/2019,4:25:30,103.765724,13.370501,335.28
1111,PG905/BKP905,1/5/2019,4:25:37,103.768471,13.372879,312.42
1112,PG905/BKP905,1/5/2019,4:25:43,103.771217,13.375214,289.56
1113,PG905/BKP905,1/5/2019,4:25:49,103.773918,13.377624,266.7
1114,PG905/BKP905,1/5/2019,4:26:01,103.779076,13.382186,236.22
1115,PG905/BKP905,1/5/2019,4:26:07,103.781578,13.384327,220.98
1116,PG905/BKP905,1/5/2019,4:26:18,103.787178,13.388992,175.26
1117,PG905/BKP905,1/5/2019,4:26:24,103.789719,13.391263,160.02
1118,PG905/BKP905,1/5/2019,4:26:30,103.79232,13.393544,144.78
1119,PG905/BKP905,1/5/2019,4:26:37,103.795135,13.39595,121.92
1120,PG905/BKP905,1/5/2019,4:26:43,103.798073,13.39856,106.68
1121,PG905/BKP905,1/5/2019,4:26:56,103.803986,13.403693,53.34
1122,PG941/BKP941,30/4/2019,3:19:18,100.735962,13.674683,320.04
1123,PG941/BKP941,30/4/2019,3:19:57,100.73056,13.652188,419.1
1124,PG941/BKP941,30/4/2019,3:20:07,100.728775,13.645159,518.16
1125,PG941/BKP941,30/4/2019,3:20:17,100.72757,13.638549,571.5
1126,PG941/BKP941,30/4/2019,3:20:26,100.729141,13.633347,624.84
1127,PG941/BKP941,30/4/2019,3:20:33,100.732597,13.629227,655.32
1128,PG941/BKP941,30/4/2019,3:20:42,100.737694,13.624397,708.66
1129,PG941/BKP941,30/4/2019,3:20:53,100.743401,13.619293,777.24
1130,PG941/BKP941,30/4/2019,3:21:03,100.74884,13.614395,845.82
1131,PG941/BKP941,30/4/2019,3:21:12,100.754623,13.609451,906.78
1132,PG941/BKP941,30/4/2019,3:21:18,100.758217,13.60762,952.5
1133,PG941/BKP941,30/4/2019,3:21:28,100.765442,13.606288,1013.46
1134,PG941/BKP941,30/4/2019,3:21:37,100.773376,13.60524,1074.42
1135,PG941/BKP941,30/4/2019,3:21:47,100.780861,13.604286,1127.76
1136,PG941/BKP941,30/4/2019,3:21:58,100.788963,13.603215,1196.34
1137,PG941/BKP941,30/4/2019,3:22:09,100.796715,13.602145,1249.68
1138,PG941/BKP941,30/4/2019,3:22:19,100.804672,13.600983,1310.64
1139,PG941/BKP941,30/4/2019,3:22:29,100.812248,13.599792,1356.36
1140,PG941/BKP941,30/4/2019,3:22:39,100.820305,13.598511,1424.94
1141,PG941/BKP941,30/4/2019,3:22:49,100.827652,13.597303,1470.66
1142,PG941/BKP941,30/4/2019,3:22:59,100.836121,13.595901,1501.14
1143,PG941/BKP941,30/4/2019,3:23:13,100.848907,13.593704,1531.62
1144,PG941/BKP941,30/4/2019,3:23:28,100.861786,13.591782,1562.1
1145,PG941/BKP941,30/4/2019,3:23:34,100.866898,13.592422,1569.72
1146,PG941/BKP941,30/4/2019,3:23:44,100.876129,13.596,1592.58
1147,PG941/BKP941,30/4/2019,3:23:54,100.885185,13.599864,1607.82
1148,PG941/BKP941,30/4/2019,3:24:10,100.899063,13.605776,1638.3
1149,PG941/BKP941,30/4/2019,3:24:23,100.913277,13.611734,1676.4
1150,PG941/BKP941,30/4/2019,3:24:38,100.928406,13.617927,1706.88
1151,PG941/BKP941,30/4/2019,3:24:55,100.943901,13.624008,1737.36
1152,PG941/BKP941,30/4/2019,3:25:05,100.954651,13.628174,1752.6
1153,PG941/BKP941,30/4/2019,3:25:20,100.970367,13.634125,1790.7
1154,PG941/BKP941,30/4/2019,3:25:34,100.985428,13.640945,1813.56
1155,PG941/BKP941,30/4/2019,3:25:41,100.99028,13.644601,1828.8
1156,PG941/BKP941,30/4/2019,3:25:50,100.998711,13.651443,1844.04
1157,PG941/BKP941,30/4/2019,3:26:00,101.007385,13.658752,1844.04
1158,PG941/BKP941,30/4/2019,3:26:16,101.021309,13.670437,1851.66
1159,PG941/BKP941,30/4/2019,3:26:30,101.035057,13.681732,1844.04
1160,PG941/BKP941,30/4/2019,3:26:45,101.048538,13.692829,1844.04
1161,PG941/BKP941,30/4/2019,3:27:00,101.062614,13.704666,1844.04
1162,PG941/BKP941,30/4/2019,3:27:10,101.069595,13.714941,1828.8
1163,PG941/BKP941,30/4/2019,3:27:16,101.071564,13.720779,1836.42
1164,PG941/BKP941,30/4/2019,3:27:26,101.074509,13.7317,1866.9
1165,PG941/BKP941,30/4/2019,3:27:35,101.076302,13.743713,1897.38
1166,PG941/BKP941,30/4/2019,3:27:41,101.076492,13.749344,1905
1167,PG941/BKP941,30/4/2019,3:27:51,101.076584,13.761475,1927.86
1168,PG941/BKP941,30/4/2019,3:27:57,101.076538,13.767014,1943.1
1169,PG941/BKP941,30/4/2019,3:28:11,101.07653,13.784863,1981.2
1170,PG941/BKP941,30/4/2019,3:28:26,101.076584,13.801758,2019.3
1171,PG941/BKP941,30/4/2019,3:28:42,101.076637,13.81842,2072.64
1172,PG941/BKP941,30/4/2019,3:28:57,101.076637,13.834671,2209.8
1173,PG941/BKP941,30/4/2019,3:29:12,101.076675,13.849663,2354.58
1174,PG941/BKP941,30/4/2019,3:29:26,101.076439,13.863955,2468.88
1175,PG941/BKP941,30/4/2019,3:29:41,101.076149,13.877222,2545.08
1176,PG941/BKP941,30/4/2019,3:29:56,101.075806,13.890862,2606.04
1177,PG941/BKP941,30/4/2019,3:30:13,101.075356,13.904617,2667
1178,PG941/BKP941,30/4/2019,3:30:28,101.074799,13.91856,2720.34
1179,PG941/BKP941,30/4/2019,3:30:42,101.072342,13.932014,2781.3
1180,PG941/BKP941,30/4/2019,3:30:48,101.071327,13.936576,2796.54
1181,PG941/BKP941,30/4/2019,3:31:08,101.067474,13.954778,2857.5
1182,PG941/BKP941,30/4/2019,3:31:18,101.065544,13.963762,2880.36
1183,PG941/BKP941,30/4/2019,3:31:33,101.062805,13.977585,2926.08
1184,PG941/BKP941,30/4/2019,3:31:47,101.060196,13.991368,3002.28
1185,PG941/BKP941,30/4/2019,3:32:03,101.057304,14.00566,3070.86
1186,PG941/BKP941,30/4/2019,3:32:17,101.054657,14.018508,3139.44
1187,PG941/BKP941,30/4/2019,3:32:32,101.05191,14.032288,3192.78
1188,PG941/BKP941,30/4/2019,3:32:48,101.049164,14.045788,3261.36
1189,PG941/BKP941,30/4/2019,3:32:58,101.047279,14.054772,3291.84
1190,PG941/BKP941,30/4/2019,3:33:14,101.044441,14.068645,3337.56
1191,PG941/BKP941,30/4/2019,3:33:28,101.041595,14.082332,3383.28
1192,PG941/BKP941,30/4/2019,3:33:44,101.038757,14.096157,3429
1193,PG941/BKP941,30/4/2019,3:34:00,101.035957,14.110016,3482.34
1194,PG941/BKP941,30/4/2019,3:34:15,101.033112,14.124115,3528.06
1195,PG941/BKP941,30/4/2019,3:34:29,101.030464,14.137711,3573.78
1196,PG941/BKP941,30/4/2019,3:34:39,101.028587,14.147458,3611.88
1197,PG941/BKP941,30/4/2019,3:34:54,101.025795,14.161889,3665.22
1198,PG941/BKP941,30/4/2019,3:35:30,101.019333,14.194709,3779.52
1199,PG941/BKP941,30/4/2019,3:36:05,101.012154,14.227946,3893.82
1200,PG941/BKP941,30/4/2019,3:36:31,101.004639,14.250478,3985.26
1201,PG941/BKP941,30/4/2019,3:37:00,100.993668,14.277969,4061.46
1202,PG941/BKP941,30/4/2019,3:37:36,100.981079,14.310531,4168.14
1203,PG941/BKP941,30/4/2019,3:38:11,100.968788,14.342791,4282.44
1204,PG941/BKP941,30/4/2019,3:38:42,100.958191,14.370769,4358.64
1205,PG941/BKP941,30/4/2019,3:39:17,100.945755,14.403914,4465.32
1206,PG941/BKP941,30/4/2019,3:39:53,100.933708,14.436129,4533.9
1207,PG941/BKP941,30/4/2019,3:40:28,100.921165,14.469681,4617.72
1208,PG941/BKP941,30/4/2019,3:41:02,100.909142,14.501724,4686.3
1209,PG941/BKP941,30/4/2019,3:41:34,100.897766,14.531793,4739.64
1210,PG941/BKP941,30/4/2019,3:42:09,100.885132,14.565857,4815.84
1211,PG941/BKP941,30/4/2019,3:42:44,100.872803,14.599667,4869.18
1212,PG941/BKP941,30/4/2019,3:43:19,100.861046,14.634627,4914.9
1213,PG941/BKP941,30/4/2019,3:43:50,100.852036,14.664886,4983.48
1214,PG941/BKP941,30/4/2019,3:44:26,100.841568,14.699799,5052.06
1215,PG941/BKP941,30/4/2019,3:45:00,100.831268,14.734109,5120.64
1216,PG941/BKP941,30/4/2019,3:45:34,100.821251,14.767456,5173.98
1217,PG941/BKP941,30/4/2019,3:46:06,100.811829,14.798859,5173.98
1218,PG941/BKP941,30/4/2019,3:46:41,100.801003,14.835022,5173.98
1219,PG941/BKP941,30/4/2019,3:47:17,100.78978,14.872467,5173.98
1220,PG941/BKP941,30/4/2019,3:47:45,100.78038,14.903746,5173.98
1221,PG941/BKP941,30/4/2019,3:48:22,100.768478,14.943466,5173.98
1222,PG941/BKP941,30/4/2019,3:48:57,100.756645,14.982744,5173.98
1223,PG941/BKP941,30/4/2019,3:49:32,100.744675,15.022705,5173.98
1224,PG941/BKP941,30/4/2019,3:50:07,100.732613,15.062861,5173.98
1225,PG941/BKP941,30/4/2019,3:50:47,100.718834,15.108668,5173.98
1226,PG941/BKP941,30/4/2019,3:51:21,100.707047,15.148224,5173.98
1227,PG941/BKP941,30/4/2019,3:51:58,100.694229,15.190567,5173.98
1228,PG941/BKP941,30/4/2019,3:52:28,100.683868,15.224854,5173.98
1229,PG941/BKP941,30/4/2019,3:53:04,100.673073,15.265364,5166.36
1230,PG941/BKP941,30/4/2019,3:53:24,100.680298,15.288574,5173.98
1231,PG941/BKP941,30/4/2019,3:54:04,100.71373,15.324019,5173.98
1232,PG941/BKP941,30/4/2019,3:54:34,100.740341,15.3517,5173.98
1233,PG941/BKP941,30/4/2019,3:55:09,100.769394,15.382004,5173.98
1234,PG941/BKP941,30/4/2019,3:55:44,100.800003,15.413818,5173.98
1235,PG941/BKP941,30/4/2019,3:56:15,100.826927,15.441843,5173.98
1236,PG941/BKP941,30/4/2019,3:56:50,100.856697,15.472847,5173.98
1237,PG941/BKP941,30/4/2019,3:57:26,100.886826,15.504181,5173.98
1238,PG941/BKP941,30/4/2019,3:58:00,100.917519,15.536041,5173.98
1239,PG941/BKP941,30/4/2019,3:58:37,100.948502,15.568268,5173.98
1240,PG941/BKP941,30/4/2019,3:59:22,100.987312,15.608546,5173.98
1241,PG941/BKP941,30/4/2019,3:59:56,101.017265,15.639633,5173.98
1242,PG941/BKP941,30/4/2019,4:00:07,101.026741,15.649466,5173.98
1243,PG941/BKP941,30/4/2019,4:01:19,101.088097,15.713104,5173.98
1244,PG941/BKP941,30/4/2019,4:01:54,101.118889,15.74501,5173.98
1245,PG941/BKP941,30/4/2019,4:02:27,101.147545,15.774738,5173.98
1246,PG941/BKP941,30/4/2019,4:03:01,101.175552,15.80452,5173.98
1247,PG941/BKP941,30/4/2019,4:03:11,101.180649,15.815099,5166.36
1248,PG941/BKP941,30/4/2019,4:03:30,101.186539,15.839035,5173.98
1249,PG941/BKP941,30/4/2019,4:03:37,101.188301,15.846754,5173.98
1250,PG941/BKP941,30/4/2019,4:04:12,101.19738,15.885635,5173.98
1251,PG941/BKP941,30/4/2019,4:04:43,101.206154,15.92282,5173.98
1252,PG941/BKP941,30/4/2019,4:05:16,101.215469,15.962157,5173.98
1253,PG941/BKP941,30/4/2019,4:05:48,101.224701,16.001266,5173.98
1254,PG941/BKP941,30/4/2019,4:06:22,101.233963,16.040411,5173.98
1255,PG941/BKP941,30/4/2019,4:06:55,101.243347,16.07991,5173.98
1256,PG941/BKP941,30/4/2019,4:07:27,101.252647,16.119085,5173.98
1257,PG941/BKP941,30/4/2019,4:08:01,101.261856,16.158051,5173.98
1258,PG941/BKP941,30/4/2019,4:08:34,101.271248,16.197647,5173.98
1259,PG941/BKP941,30/4/2019,4:09:07,101.280655,16.237141,5173.98
1260,PG941/BKP941,30/4/2019,4:09:40,101.28968,16.275175,5173.98
1261,PG941/BKP941,30/4/2019,4:10:13,101.299149,16.31488,5173.98
1262,PG941/BKP941,30/4/2019,4:10:47,101.308365,16.353848,5173.98
1263,PG941/BKP941,30/4/2019,4:11:19,101.317635,16.392859,5173.98
1264,PG941/BKP941,30/4/2019,4:11:53,101.32695,16.432068,5173.98
1265,PG941/BKP941,30/4/2019,4:12:25,101.336174,16.470833,5173.98
1266,PG941/BKP941,30/4/2019,4:12:56,101.344559,16.506166,5173.98
1267,PG941/BKP941,30/4/2019,4:13:28,101.353935,16.54541,5173.98
1268,PG941/BKP941,30/4/2019,4:14:02,101.363136,16.584045,5173.98
1269,PG941/BKP941,30/4/2019,4:14:35,101.372536,16.623505,5173.98
1270,PG941/BKP941,30/4/2019,4:15:08,101.38179,16.66235,5173.98
1271,PG941/BKP941,30/4/2019,4:15:45,101.391891,16.704851,5173.98
1272,PG941/BKP941,30/4/2019,4:16:17,101.401451,16.744699,5173.98
1273,PG941/BKP941,30/4/2019,4:16:53,101.411423,16.786514,5173.98
1274,PG941/BKP941,30/4/2019,4:17:22,101.419556,16.820534,5173.98
1275,PG941/BKP941,30/4/2019,4:17:55,101.429314,16.861313,5173.98
1276,PG941/BKP941,30/4/2019,4:18:29,101.438988,16.901733,5173.98
1277,PG941/BKP941,30/4/2019,4:19:09,101.450256,16.948738,5173.98
1278,PG941/BKP941,30/4/2019,4:19:41,101.460045,16.989578,5166.36
1279,PG941/BKP941,30/4/2019,4:20:14,101.469482,17.029037,5173.98
1280,PG941/BKP941,30/4/2019,4:20:47,101.479073,17.069,5173.98
1281,PG941/BKP941,30/4/2019,4:21:21,101.488564,17.108553,5173.98
1282,PG941/BKP941,30/4/2019,4:21:53,101.497528,17.145996,5173.98
1283,PG941/BKP941,30/4/2019,4:22:26,101.507019,17.185593,5173.98
1284,PG941/BKP941,30/4/2019,4:22:56,101.515648,17.221481,5173.98
1285,PG941/BKP941,30/4/2019,4:23:32,101.525139,17.261032,5173.98
1286,PG941/BKP941,30/4/2019,4:24:03,101.534714,17.300814,5173.98
1287,PG941/BKP941,30/4/2019,4:24:35,101.543068,17.335602,5173.98
1288,PG941/BKP941,30/4/2019,4:25:08,101.552666,17.375483,5173.98
1289,PG941/BKP941,30/4/2019,4:25:43,101.56292,17.418045,5173.98
1290,PG941/BKP941,30/4/2019,4:26:14,101.571648,17.45425,5173.98
1291,PG941/BKP941,30/4/2019,4:26:48,101.581108,17.493727,5173.98
1292,PG941/BKP941,30/4/2019,4:27:17,101.589645,17.529198,5173.98
1293,PG941/BKP941,30/4/2019,4:27:51,101.599251,17.568878,5173.98
1294,PG941/BKP941,30/4/2019,4:28:31,101.610382,17.615067,5173.98
1295,PG941/BKP941,30/4/2019,4:28:51,101.615837,17.637665,5173.98
1296,PG941/BKP941,30/4/2019,4:29:54,101.633537,17.710939,5173.98
1297,PG941/BKP941,30/4/2019,4:30:33,101.644783,17.757477,5173.98
1298,PG941/BKP941,30/4/2019,4:31:14,101.656883,17.807674,5173.98
1299,PG941/BKP941,30/4/2019,4:31:46,101.666176,17.846054,5173.98
1300,PG941/BKP941,30/4/2019,4:32:18,101.674889,17.882111,5173.98
1301,PG941/BKP941,30/4/2019,4:32:50,101.683319,17.916933,5173.98
1302,PG941/BKP941,30/4/2019,4:33:21,101.692535,17.95491,5173.98
1303,PG941/BKP941,30/4/2019,4:33:31,101.695236,17.96608,5173.98
1304,PG941/BKP941,30/4/2019,4:34:43,101.7155,18.049746,5173.98
1305,PG941/BKP941,30/4/2019,4:35:16,101.72506,18.089128,5173.98
1306,PG941/BKP941,30/4/2019,4:35:50,101.73423,18.127069,5173.98
1307,PG941/BKP941,30/4/2019,4:36:17,101.74144,18.156675,5173.98
1308,PG941/BKP941,30/4/2019,4:36:44,101.749535,18.189926,5173.98
1309,PG941/BKP941,30/4/2019,4:40:38,101.815796,18.46225,5173.98
1310,PG941/BKP941,30/4/2019,4:41:10,101.825287,18.501396,5173.98
1311,PG941/BKP941,30/4/2019,4:41:45,101.834679,18.539841,5173.98
1312,PG941/BKP941,30/4/2019,4:42:17,101.844009,18.578068,5173.98
1313,PG941/BKP941,30/4/2019,4:42:48,101.852631,18.613495,5173.98
1314,PG941/BKP941,30/4/2019,4:43:20,101.862,18.65181,5173.98
1315,PG941/BKP941,30/4/2019,4:43:54,101.871658,18.691452,5173.98
1316,PG941/BKP941,30/4/2019,4:44:28,101.881073,18.729904,5173.98
1317,PG941/BKP941,30/4/2019,4:45:01,101.890556,18.768652,5166.36
1318,PG941/BKP941,30/4/2019,4:45:34,101.900093,18.80757,5173.98
1319,PG941/BKP941,30/4/2019,4:46:08,101.909729,18.846907,5173.98
1320,PG941/BKP941,30/4/2019,4:46:40,101.919281,18.886002,5173.98
1321,PG941/BKP941,30/4/2019,4:47:13,101.928757,18.924742,5173.98
1322,PG941/BKP941,30/4/2019,4:47:44,101.937294,18.95961,5173.98
1323,PG941/BKP941,30/4/2019,4:48:17,101.94709,18.999619,5173.98
1324,PG941/BKP941,30/4/2019,4:48:50,101.956619,19.038328,5173.98
1325,PG941/BKP941,30/4/2019,4:49:24,101.966461,19.07855,5173.98
1326,PG941/BKP941,30/4/2019,4:49:58,101.976295,19.118771,5173.98
1327,PG941/BKP941,30/4/2019,4:50:31,101.985886,19.157782,5173.98
1328,PG941/BKP941,30/4/2019,4:51:01,101.994812,19.193985,5173.98
1329,PG941/BKP941,30/4/2019,4:51:35,102.004608,19.233755,5173.98
1330,PG941/BKP941,30/4/2019,4:52:07,102.014381,19.273636,5173.98
1331,PG941/BKP941,30/4/2019,4:52:40,102.023438,19.310287,5158.74
1332,PG941/BKP941,30/4/2019,4:53:12,102.033623,19.351532,5074.92
1333,PG941/BKP941,30/4/2019,4:53:42,102.04306,19.389799,4991.1
1334,PG941/BKP941,30/4/2019,4:54:17,102.053474,19.431976,4907.28
1335,PG941/BKP941,30/4/2019,4:54:47,102.063934,19.474524,4823.46
1336,PG941/BKP941,30/4/2019,4:55:20,102.074921,19.519073,4732.02
1337,PG941/BKP941,30/4/2019,4:55:51,102.084763,19.558731,4655.82
1338,PG941/BKP941,30/4/2019,4:56:26,102.095795,19.603659,4572
1339,PG941/BKP941,30/4/2019,4:56:59,102.106491,19.646805,4488.18
1340,PG941/BKP941,30/4/2019,4:57:32,102.11792,19.692993,4404.36
1341,PG941/BKP941,30/4/2019,4:58:04,102.129005,19.737991,4320.54
1342,PG941/BKP941,30/4/2019,4:58:34,102.139397,19.779905,4244.34
1343,PG941/BKP941,30/4/2019,4:59:10,102.150734,19.825653,4107.18
1344,PG941/BKP941,30/4/2019,4:59:43,102.162109,19.871201,3855.72
1345,PG941/BKP941,30/4/2019,4:59:52,102.16571,19.885532,3771.9
1346,QV634/LAO634,27/4/2019,3:29:58,101.071434,13.659075,2171.7
1347,QV634/LAO634,27/4/2019,3:30:05,101.197174,13.732186,2476.5
1348,QV634/LAO634,27/4/2019,3:31:26,101.201767,13.735132,2476.5
1349,QV634/LAO634,27/4/2019,3:32:01,101.25309,13.837908,2476.5
1350,QV634/LAO634,27/4/2019,3:32:48,101.275528,13.89896,2626.1568
1351,QV634/LAO634,27/4/2019,3:32:58,101.270569,13.914787,2727.96
1352,QV634/LAO634,27/4/2019,3:33:13,101.26989,13.927358,2817.2664
1353,QV634/LAO634,27/4/2019,3:33:38,101.272995,13.961975,3078.1752
1354,QV634/LAO634,27/4/2019,3:33:53,101.274872,13.980068,3086.1
1355,QV634/LAO634,27/4/2019,3:34:04,101.276237,13.992333,3093.72
1356,QV634/LAO634,27/4/2019,3:34:25,101.279732,14.016657,3086.1
1357,QV634/LAO634,27/4/2019,3:34:40,101.282539,14.033839,3086.1
1358,QV634/LAO634,27/4/2019,3:34:49,101.284035,14.041892,3086.1
1359,QV634/LAO634,27/4/2019,3:35:05,101.286705,14.059697,3086.1
1360,QV634/LAO634,27/4/2019,3:35:20,101.287537,14.078724,3086.1
1361,QV634/LAO634,27/4/2019,3:35:28,101.287537,14.08814,3086.1
1362,QV634/LAO634,27/4/2019,3:35:36,101.287201,14.097598,3086.1
1363,QV634/LAO634,27/4/2019,3:35:45,101.287064,14.107249,3086.1
1364,QV634/LAO634,27/4/2019,3:35:56,101.286575,14.117829,3085.7952
1365,QV634/LAO634,27/4/2019,3:36:04,101.28582,14.132257,3086.1
1366,QV634/LAO634,27/4/2019,3:36:13,101.285637,14.13685,3086.1
1367,QV634/LAO634,27/4/2019,3:36:20,101.28492,14.147965,3086.1
1368,QV634/LAO634,27/4/2019,3:36:30,101.284004,14.162474,3131.82
1369,QV634/LAO634,27/4/2019,3:36:45,101.282967,14.182738,3272.028
1370,QV634/LAO634,27/4/2019,3:36:56,101.282402,14.196952,3365.6016
1371,QV634/LAO634,27/4/2019,3:37:09,101.281822,14.209812,3390.9
1372,QV634/LAO634,27/4/2019,3:37:29,101.281502,14.214595,3390.9
1373,QV634/LAO634,27/4/2019,3:37:52,101.279007,14.262212,3390.9
1374,QV634/LAO634,27/4/2019,3:38:04,101.278564,14.269765,3390.5952
1375,QV634/LAO634,27/4/2019,3:38:20,101.277786,14.285017,3390.9
1376,QV634/LAO634,27/4/2019,3:38:37,101.27668,14.312768,3390.9
1377,QV634/LAO634,27/4/2019,3:38:52,101.276146,14.327754,3390.9
1378,QV634/LAO634,27/4/2019,3:39:00,101.275696,14.341503,3390.9
1379,QV634/LAO634,27/4/2019,3:39:17,101.274918,14.362517,3390.9
1380,QV634/LAO634,27/4/2019,3:39:34,101.274063,14.382363,3390.9
1381,QV634/LAO634,27/4/2019,3:39:48,101.273247,14.402868,3390.9
1382,QV634/LAO634,27/4/2019,3:40:00,101.272728,14.417288,3390.9
1383,QV634/LAO634,27/4/2019,3:40:08,101.272575,14.428164,3390.9
1384,QV634/LAO634,27/4/2019,3:40:17,101.27224,14.438532,3390.5952
1385,QV634/LAO634,27/4/2019,3:40:24,101.271492,14.448643,3390.9
1386,QV634/LAO634,27/4/2019,3:40:36,101.269615,14.463953,3390.9
1387,QV634/LAO634,27/4/2019,3:40:45,101.267998,14.47351,3390.9
1388,QV634/LAO634,27/4/2019,3:40:52,101.266197,14.482841,3390.9
1389,QV634/LAO634,27/4/2019,3:41:12,101.260834,14.508242,3390.5952
1390,QV634/LAO634,27/4/2019,3:41:25,101.257492,14.522833,3390.9
1391,QV634/LAO634,27/4/2019,3:41:32,101.255241,14.533128,3390.9
1392,QV634/LAO634,27/4/2019,3:41:49,101.25,14.552728,3390.9
1393,QV634/LAO634,27/4/2019,3:42:05,101.243454,14.571141,3390.9
1394,QV634/LAO634,27/4/2019,3:42:28,101.23558,14.590942,3390.9
1395,QV634/LAO634,27/4/2019,3:42:41,101.226448,14.615241,3390.9
1396,QV634/LAO634,27/4/2019,3:43:04,101.214432,14.642256,3411.3216
1397,QV634/LAO634,27/4/2019,3:43:16,101.208092,14.656816,3532.3272
1398,QV634/LAO634,27/4/2019,3:43:29,101.202423,14.669541,3651.8088
1399,QV634/LAO634,27/4/2019,3:43:40,101.19709,14.681995,3781.6536
1400,QV634/LAO634,27/4/2019,3:44:13,101.183487,14.714156,3976.4208
1401,QV634/LAO634,27/4/2019,3:44:45,101.171669,14.742124,4093.464
1402,QV634/LAO634,27/4/2019,3:45:17,101.159752,14.770217,4214.7744
1403,QV634/LAO634,27/4/2019,3:45:48,101.147034,14.799799,4321.1496
1404,QV634/LAO634,27/4/2019,3:46:20,101.134224,14.830623,4450.08
1405,QV634/LAO634,27/4/2019,3:46:53,101.12188,14.861009,4546.3968
1406,QV634/LAO634,27/4/2019,3:47:08,101.117714,14.877913,4587.24
1407,QV634/LAO634,27/4/2019,3:47:20,101.117317,14.889746,4632.96
1408,QV634/LAO634,27/4/2019,3:47:41,101.120033,14.911677,4701.54
1409,QV634/LAO634,27/4/2019,3:48:21,101.132156,14.954771,4823.46
1410,QV634/LAO634,27/4/2019,3:48:53,101.141151,14.984643,4922.52
1411,QV634/LAO634,27/4/2019,3:49:32,101.150375,15.017078,5013.96
1412,QV634/LAO634,27/4/2019,3:50:09,101.161011,15.065612,5122.4688
1413,QV634/LAO634,27/4/2019,3:50:40,101.168945,15.103775,5220.9192
1414,QV634/LAO634,27/4/2019,3:51:09,101.174538,15.131701,5273.04
1415,QV634/LAO634,27/4/2019,3:51:32,101.180496,15.162761,5349.24
1416,QV634/LAO634,27/4/2019,3:52:06,101.186386,15.191946,5417.82
1417,QV634/LAO634,27/4/2019,3:52:36,101.194405,15.23194,5524.5
1418,QV634/LAO634,27/4/2019,3:53:48,101.208778,15.303652,5691.8352
1419,QV634/LAO634,27/4/2019,3:55:05,101.211617,15.317354,5718.048
1420,QV634/LAO634,27/4/2019,3:55:42,101.236389,15.440002,5798.82
1421,QV634/LAO634,27/4/2019,3:57:12,101.23732,15.444656,5798.82
1422,QV634/LAO634,27/4/2019,3:58:18,101.27433,15.62525,5791.2
1423,QV634/LAO634,27/4/2019,3:59:05,101.286346,15.682654,5791.2
1424,QV634/LAO634,27/4/2019,4:00:34,101.310242,15.797266,5791.2
1425,QV634/LAO634,27/4/2019,4:01:32,101.323593,15.862204,5791.2
1426,QV634/LAO634,27/4/2019,4:02:08,101.336006,15.923511,5791.2
1427,QV634/LAO634,27/4/2019,4:02:57,101.336967,15.928159,5791.2
1428,QV634/LAO634,27/4/2019,4:03:49,101.357712,16.029806,5791.2
1429,QV634/LAO634,27/4/2019,4:04:56,101.362488,16.052818,5791.2
1430,QV634/LAO634,27/4/2019,4:05:44,101.391838,16.196276,5791.2
1431,QV634/LAO634,27/4/2019,4:06:30,101.403015,16.250387,5791.2
1432,QV634/LAO634,27/4/2019,4:07:52,101.420959,16.336647,5791.2
1433,QV634/LAO634,27/4/2019,4:08:44,101.435753,16.408224,5798.82
1434,QV634/LAO634,27/4/2019,4:09:33,101.439857,16.428061,5798.82
1435,QV634/LAO634,27/4/2019,4:11:10,101.474457,16.595537,5798.82
1436,QV634/LAO634,27/4/2019,4:12:17,101.494362,16.692511,5798.82
1437,QV634/LAO634,27/4/2019,4:12:37,101.495804,16.699341,5798.82
1438,QV634/LAO634,27/4/2019,4:14:05,101.519554,16.815081,5798.82
1439,QV634/LAO634,27/4/2019,4:15:08,101.537941,16.903032,5798.82
1440,QV634/LAO634,27/4/2019,4:16:09,101.552994,16.975643,5798.82
1441,QV634/LAO634,27/4/2019,4:16:42,101.563873,17.028597,5798.82
1442,QV634/LAO634,27/4/2019,4:17:40,101.577477,17.094406,5798.82
1443,QV634/LAO634,27/4/2019,4:18:20,101.590179,17.15621,5798.82
1444,QV634/LAO634,27/4/2019,4:19:33,101.61042,17.253168,5798.5152
