,name,date,time,long,lat,attitude,attitude_ft,speed
0,WE44/THD044,1/10/2019,6:40:46,100.759796,13.692002,0,0,21
1,WE44/THD044,1/10/2019,6:40:58,100.760315,13.691883,0,0,26
2,WE44/THD044,1/10/2019,6:42:28,100.76017,13.688453,0,0,64
3,WE44/THD044,1/10/2019,6:42:36,100.759346,13.68528,0,0,100
4,WE44/THD044,1/10/2019,6:42:50,100.756989,13.676376,68.58,225,151
5,WE44/THD044,1/10/2019,6:43:00,100.755135,13.669553,213.36,700,149
6,WE44/THD044,1/10/2019,6:43:12,100.753151,13.66214,373.38,1225,150
7,WE44/THD044,1/10/2019,6:43:22,100.751038,13.654842,533.4,1750,150
8,WE44/THD044,1/10/2019,6:43:33,100.749031,13.647491,647.7,2125,151
9,WE44/THD044,1/10/2019,6:43:42,100.747566,13.641632,739.14,2425,155
10,WE44/THD044,1/10/2019,6:43:54,100.745209,13.632217,868.68,2850,158
11,WE44/THD044,1/10/2019,6:44:00,100.744202,13.628174,929.64,3050,159
12,WE44/THD044,1/10/2019,6:44:10,100.742271,13.62044,1028.7,3375,163
13,WE44/THD044,1/10/2019,6:44:21,100.74015,13.611967,1082.04,3550,178
14,WE44/THD044,1/10/2019,6:44:29,100.738617,13.605743,1135.38,3725,187
15,WE44/THD044,1/10/2019,6:44:59,100.736633,13.575145,1318.26,4325,243
16,WE44/THD044,1/10/2019,6:45:05,100.740578,13.568488,1394.46,4575,251
17,WE44/THD044,1/10/2019,6:45:13,100.745155,13.562483,1455.42,4775,262
18,WE44/THD044,1/10/2019,6:45:21,100.752052,13.554708,1531.62,5025,272
19,WE44/THD044,1/10/2019,6:45:27,100.75798,13.54866,1569.72,5150,283
20,WE44/THD044,1/10/2019,6:45:35,100.764282,13.542618,1607.82,5275,290
21,WE44/THD044,1/10/2019,6:45:52,100.782646,13.525753,1691.64,5550,311
22,WE44/THD044,1/10/2019,6:45:59,100.794449,13.518082,1729.74,5675,319
23,WE44/THD044,1/10/2019,6:46:06,100.802406,13.514859,1744.98,5725,321
24,WE44/THD044,1/10/2019,6:46:15,100.815941,13.512159,1767.84,5800,322
25,WE44/THD044,1/10/2019,6:46:21,100.826401,13.512159,1783.08,5850,323
26,WE44/THD044,1/10/2019,6:46:30,100.838928,13.513044,1821.18,5975,323
27,WE44/THD044,1/10/2019,6:46:38,100.848419,13.513835,1866.9,6125,323
28,WE44/THD044,1/10/2019,6:46:44,100.861687,13.514877,1958.34,6425,327
29,WE44/THD044,1/10/2019,6:46:56,100.881248,13.516342,2141.22,7025,327
30,WE44/THD044,1/10/2019,6:47:11,100.900375,13.517578,2346.96,7700,330
31,WE44/THD044,1/10/2019,6:47:21,100.918945,13.518723,2545.08,8350,333
32,WE44/THD044,1/10/2019,6:47:33,100.938408,13.519867,2727.96,8950,337
33,WE44/THD044,1/10/2019,6:47:45,100.957275,13.520958,2865.12,9400,345
34,WE44/THD044,1/10/2019,6:47:56,100.977852,13.52211,3017.52,9900,351
35,WE44/THD044,1/10/2019,6:48:11,100.997696,13.523254,3192.78,10475,355
36,WE44/THD044,1/10/2019,6:48:20,101.018959,13.524445,3383.28,11100,356
37,WE44/THD044,1/10/2019,6:48:34,101.038185,13.526596,3550.92,11650,357
38,WE44/THD044,1/10/2019,6:48:43,101.053764,13.531723,3672.84,12050,360
39,WE44/THD044,1/10/2019,6:48:50,101.066124,13.538864,3802.38,12475,360
40,WE44/THD044,1/10/2019,6:48:58,101.074219,13.545584,3909.06,12825,360
41,WE44/THD044,1/10/2019,6:49:04,101.081749,13.552917,3977.64,13050,362
42,WE44/THD044,1/10/2019,6:49:10,101.089012,13.560202,4030.98,13225,366
43,WE44/THD044,1/10/2019,6:49:20,101.099564,13.570862,4091.94,13425,373
44,WE44/THD044,1/10/2019,6:49:56,101.145775,13.616547,4587.24,15050,376
45,WE44/THD044,1/10/2019,6:50:39,101.203552,13.673044,5082.54,16675,386
46,WE44/THD044,1/10/2019,6:51:12,101.248009,13.716568,5417.82,17775,394
47,WE44/THD044,1/10/2019,6:51:50,101.29541,13.762985,5775.96,18950,401
48,WE44/THD044,1/10/2019,6:52:54,101.381836,13.847475,6301.74,20675,420
49,WE44/THD044,1/10/2019,6:53:28,101.436249,13.896057,6400.8,21000,428
50,WE44/THD044,1/10/2019,6:53:34,101.446838,13.901941,6400.8,21000,427
51,WE44/THD044,1/10/2019,6:53:40,101.456749,13.906448,6408.42,21025,426
52,WE44/THD044,1/10/2019,6:53:47,101.469437,13.911577,6431.28,21100,426
53,WE44/THD044,1/10/2019,6:53:56,101.487251,13.918304,6477,21250,427
54,WE44/THD044,1/10/2019,6:55:02,101.614624,13.965672,6797.04,22300,444
55,WE44/THD044,1/10/2019,6:56:05,101.740868,14.012922,7200.9,23625,455
56,WE44/THD044,1/10/2019,6:57:10,101.870064,14.060577,7604.76,24950,460
57,WE44/THD044,1/10/2019,6:58:11,102.001045,14.110474,7620,25000,470
58,WE44/THD044,1/10/2019,6:58:20,102.019958,14.120411,7620,25000,470
59,WE44/THD044,1/10/2019,6:58:26,102.031189,14.12758,7620,25000,469
60,WE44/THD044,1/10/2019,6:58:32,102.040825,14.134644,7620,25000,469
61,WE44/THD044,1/10/2019,6:58:41,102.05513,14.146637,7620,25000,470
62,WE44/THD044,1/10/2019,6:58:47,102.066406,14.157932,7620,25000,472
63,WE44/THD044,1/10/2019,6:58:53,102.073738,14.166229,7620,25000,472
64,WE44/THD044,1/10/2019,6:59:02,102.086052,14.182434,7620,25000,472
65,WE44/THD044,1/10/2019,7:00:04,102.162674,14.294952,7620,25000,472
66,WE44/THD044,1/10/2019,7:01:07,102.242561,14.411133,7620,25000,472
67,WE44/THD044,1/10/2019,7:02:10,102.321266,14.525089,7627.62,25025,471
68,WE44/THD044,1/10/2019,7:03:11,102.393433,14.636948,7627.62,25025,471
69,WE44/THD044,1/10/2019,7:03:23,102.402855,14.662033,7627.62,25025,472
70,WE44/THD044,1/10/2019,7:03:31,102.40773,14.681671,7627.62,25025,474
71,WE44/THD044,1/10/2019,7:03:38,102.410049,14.695587,7627.62,25025,473
72,WE44/THD044,1/10/2019,7:03:45,102.411896,14.707764,7627.62,25025,474
73,WE44/THD044,1/10/2019,7:04:47,102.434807,14.844764,7627.62,25025,459
74,WE44/THD044,1/10/2019,7:05:50,102.455315,14.972488,7467.6,24500,430
75,WE44/THD044,1/10/2019,7:06:54,102.474586,15.094609,6995.16,22950,415
76,WE44/THD044,1/10/2019,7:07:53,102.492096,15.205311,6705.6,22000,387
77,WE44/THD044,1/10/2019,7:08:56,102.509666,15.315308,6088.38,19975,378
78,WE44/THD044,1/10/2019,7:09:58,102.526726,15.423065,5471.16,17950,371
79,WE44/THD044,1/10/2019,7:10:05,102.52832,15.433319,5379.72,17650,372
80,WE44/THD044,1/10/2019,7:11:04,102.544945,15.537781,4526.28,14850,382
81,WE44/THD044,1/10/2019,7:11:40,102.554237,15.596786,4084.32,13400,380
82,WE44/THD044,1/10/2019,7:12:12,102.563011,15.652165,3954.78,12975,353
83,WE44/THD044,1/10/2019,7:12:45,102.571106,15.703327,3954.78,12975,336
84,WE44/THD044,1/10/2019,7:13:18,102.578819,15.751877,3970.02,13025,306
85,WE44/THD044,1/10/2019,7:13:52,102.586235,15.798248,3771.9,12375,307
86,WE44/THD044,1/10/2019,7:14:22,102.593369,15.843063,3421.38,11225,319
87,WE44/THD044,1/10/2019,7:14:33,102.596024,15.859789,3352.8,11000,310
88,WE44/THD044,1/10/2019,7:14:47,102.598869,15.877665,3238.5,10625,307
89,WE44/THD044,1/10/2019,7:14:59,102.601318,15.893074,3147.06,10325,304
90,WE44/THD044,1/10/2019,7:15:09,102.604065,15.910111,3070.86,10075,296
91,WE44/THD044,1/10/2019,7:15:21,102.606567,15.925707,2979.42,9775,292
92,WE44/THD044,1/10/2019,7:15:33,102.609314,15.942764,2872.74,9425,289
93,WE44/THD044,1/10/2019,7:15:45,102.611824,15.958374,2750.82,9025,289
94,WE44/THD044,1/10/2019,7:15:58,102.61441,15.974819,2651.76,8700,288
95,WE44/THD044,1/10/2019,7:16:09,102.616768,15.989902,2537.46,8325,288
96,WE44/THD044,1/10/2019,7:16:21,102.619438,16.006851,2430.78,7975,288
97,WE44/THD044,1/10/2019,7:16:33,102.621719,16.021559,2346.96,7700,285
98,WE44/THD044,1/10/2019,7:16:46,102.624306,16.03775,2255.52,7400,283
99,WE44/THD044,1/10/2019,7:16:56,102.62677,16.053307,2156.46,7075,282
100,WE44/THD044,1/10/2019,7:17:08,102.629372,16.069599,2049.78,6725,281
101,WE44/THD044,1/10/2019,7:17:21,102.631721,16.084122,1943.1,6375,282
102,WE44/THD044,1/10/2019,7:17:34,102.634377,16.100464,1851.66,6075,282
103,WE44/THD044,1/10/2019,7:17:44,102.636734,16.115204,1752.6,5750,282
104,WE44/THD044,1/10/2019,7:17:58,102.63929,16.1315,1661.16,5450,281
105,WE44/THD044,1/10/2019,7:18:09,102.641586,16.145945,1577.34,5175,280
106,WE44/THD044,1/10/2019,7:18:20,102.643936,16.160795,1493.52,4900,278
107,WE44/THD044,1/10/2019,7:18:27,102.645409,16.169966,1447.8,4750,276
108,WE44/THD044,1/10/2019,7:18:34,102.646515,16.176773,1409.7,4625,274
109,WE44/THD044,1/10/2019,7:18:45,102.649071,16.19252,1303.02,4275,271
110,WE44/THD044,1/10/2019,7:18:55,102.650856,16.203644,1257.3,4125,269
111,WE44/THD044,1/10/2019,7:19:01,102.652031,16.210979,1234.44,4050,268
112,WE44/THD044,1/10/2019,7:19:07,102.653214,16.218246,1211.58,3975,262
113,WE44/THD044,1/10/2019,7:19:22,102.655762,16.234161,1165.86,3825,257
114,WE44/THD044,1/10/2019,7:19:35,102.658653,16.251945,1135.38,3725,247
115,WE44/THD044,1/10/2019,7:21:49,102.710396,16.356966,922.02,3025,158
116,WE44/THD044,1/10/2019,7:21:56,102.712997,16.360878,891.54,2925,161
117,WE44/THD044,1/10/2019,7:22:03,102.715843,16.36516,861.06,2825,162
118,WE44/THD044,1/10/2019,7:22:15,102.72065,16.372654,807.72,2650,161
119,WE44/THD044,1/10/2019,7:22:22,102.723198,16.376612,777.24,2550,161
120,WE44/THD044,1/10/2019,7:22:33,102.728241,16.384369,723.9,2375,161
121,WE44/THD044,1/10/2019,7:22:39,102.730843,16.38826,693.42,2275,160
122,WE44/THD044,1/10/2019,7:22:47,102.733635,16.392471,678.18,2225,158
123,WE44/THD044,1/10/2019,7:22:59,102.738747,16.399841,617.22,2025,155
124,WE44/THD044,1/10/2019,7:23:05,102.741295,16.403549,601.98,1975,149
125,WE44/THD044,1/10/2019,7:23:16,102.746056,16.410595,541.02,1775,144
126,WE44/THD044,1/10/2019,7:23:24,102.748802,16.414692,518.16,1700,145
127,WE44/THD044,1/10/2019,7:23:31,102.751396,16.418602,487.68,1600,143
128,WE44/THD044,1/10/2019,7:23:37,102.753853,16.422279,457.2,1500,141
129,WE44/THD044,1/10/2019,7:23:50,102.758415,16.429029,411.48,1350,139
130,WE44/THD044,1/10/2019,7:23:57,102.760956,16.432846,388.62,1275,139
131,WE44/THD044,1/10/2019,7:24:03,102.763412,16.436462,373.38,1225,141
132,WE44/THD044,1/10/2019,7:24:10,102.765488,16.439621,358.14,1175,143
133,WE44/THD044,1/10/2019,7:24:16,102.767876,16.443182,327.66,1075,143
134,WE44/THD044,1/10/2019,7:24:23,102.770882,16.447586,297.18,975,145
135,WE44/THD044,1/10/2019,7:24:30,102.773148,16.450928,266.7,875,142
136,WE44/THD044,1/10/2019,7:24:36,102.775528,16.454494,243.84,800,138
137,WE44/THD044,1/10/2019,7:24:44,102.778519,16.458822,213.36,700,135
138,-,-,-,-,-,-,-,-
139,WE44/THD044,2/10/2019,6:35:29,100.754761,13.668365,190.5,625,159
140,WE44/THD044,2/10/2019,6:35:40,100.752625,13.660522,358.14,1175,159
141,WE44/THD044,2/10/2019,6:35:51,100.750786,13.65358,518.16,1700,155
142,WE44/THD044,2/10/2019,6:36:00,100.748962,13.646462,662.94,2175,154
143,WE44/THD044,2/10/2019,6:36:15,100.746475,13.636642,792.48,2600,161
144,WE44/THD044,2/10/2019,6:36:25,100.744583,13.628866,906.78,2975,163
145,WE44/THD044,2/10/2019,6:36:40,100.741791,13.617874,1036.32,3400,170
146,WE44/THD044,2/10/2019,6:36:51,100.739616,13.609314,1104.9,3625,184
147,WE44/THD044,2/10/2019,6:36:59,100.737381,13.600433,1181.1,3875,196
148,WE44/THD044,2/10/2019,6:37:10,100.735161,13.591324,1234.44,4050,213
149,WE44/THD044,2/10/2019,6:37:20,100.735634,13.580475,1295.4,4250,230
150,WE44/THD044,2/10/2019,6:37:30,100.740005,13.5717,1379.22,4525,243
151,WE44/THD044,2/10/2019,6:37:40,100.748184,13.561432,1485.9,4875,259
152,WE44/THD044,2/10/2019,6:37:46,100.75325,13.555939,1546.86,5075,267
153,WE44/THD044,2/10/2019,6:37:55,100.761589,13.547493,1668.78,5475,277
154,WE44/THD044,2/10/2019,6:38:10,100.777107,13.532316,1813.56,5950,301
155,WE44/THD044,2/10/2019,6:38:27,100.794937,13.518863,1950.72,6400,317
156,WE44/THD044,2/10/2019,6:38:36,100.809792,13.513824,2080.26,6825,325
157,WE44/THD044,2/10/2019,6:38:42,100.81691,13.512951,2171.7,7125,326
158,WE44/THD044,2/10/2019,6:38:51,100.832191,13.513733,2301.24,7550,330
159,WE44/THD044,2/10/2019,6:39:02,100.849289,13.518909,2407.92,7900,334
160,WE44/THD044,2/10/2019,6:39:08,100.855911,13.522156,2438.4,8000,339
161,WE44/THD044,2/10/2019,6:39:17,100.869217,13.531448,2499.36,8200,338
162,WE44/THD044,2/10/2019,6:39:23,100.875801,13.536484,2552.7,8375,337
163,WE44/THD044,2/10/2019,6:39:32,100.888496,13.546417,2674.62,8775,343
164,WE44/THD044,2/10/2019,6:39:52,100.913666,13.566253,2971.8,9750,349
165,WE44/THD044,2/10/2019,6:40:03,100.927704,13.576721,3124.2,10250,351
166,WE44/THD044,2/10/2019,6:40:18,100.94754,13.591531,3421.38,11225,348
167,WE44/THD044,2/10/2019,6:40:33,100.967812,13.606888,3680.46,12075,346
168,WE44/THD044,2/10/2019,6:41:03,101.007355,13.637878,4069.08,13350,358
169,WE44/THD044,2/10/2019,6:41:39,101.054901,13.675964,4518.66,14825,365
170,WE44/THD044,2/10/2019,6:42:15,101.103561,13.71508,4960.62,16275,372
171,WE44/THD044,2/10/2019,6:42:44,101.144714,13.748039,5303.52,17400,379
172,WE44/THD044,2/10/2019,6:43:20,101.195587,13.788712,5676.9,18625,390
173,WE44/THD044,2/10/2019,6:44:20,101.282188,13.857949,6484.62,21275,383
174,WE44/THD044,2/10/2019,6:45:22,101.366562,13.925357,6987.54,22925,380
175,WE44/THD044,2/10/2019,6:46:27,101.458305,13.998723,7010.4,23000,379
176,WE44/THD044,2/10/2019,6:47:29,101.542938,14.066299,7010.4,23000,378
177,WE44/THD044,2/10/2019,6:48:28,101.627747,14.133911,7010.4,23000,378
178,WE44/THD044,2/10/2019,6:49:14,101.689835,14.187698,7010.4,23000,383
179,WE44/THD044,2/10/2019,6:49:24,101.699333,14.20239,7010.4,23000,383
180,WE44/THD044,2/10/2019,6:49:34,101.708443,14.217682,7010.4,23000,381
181,WE44/THD044,2/10/2019,6:50:35,101.765175,14.311203,7010.4,23000,381
182,WE44/THD044,2/10/2019,6:51:55,101.838875,14.431287,7010.4,23000,382
183,WE44/THD044,2/10/2019,6:52:57,101.897713,14.526672,7010.4,23000,381
184,WE44/THD044,2/10/2019,6:53:57,101.95417,14.617859,7010.4,23000,383
185,WE44/THD044,2/10/2019,6:55:01,102.014877,14.716461,7010.4,23000,383
186,WE44/THD044,2/10/2019,6:56:03,102.073692,14.811493,7010.4,23000,386
187,WE44/THD044,2/10/2019,6:57:11,102.136131,14.914307,7010.4,23000,387
188,WE44/THD044,2/10/2019,6:57:45,102.16143,14.970978,7010.4,23000,386
189,WE44/THD044,2/10/2019,6:58:20,102.186104,15.030853,7010.4,23000,385
190,WE44/THD044,2/10/2019,6:59:36,102.236938,15.153168,6888.48,22600,363
191,WE44/THD044,2/10/2019,7:01:09,102.29512,15.293481,6240.78,20475,342
192,WE44/THD044,2/10/2019,7:02:12,102.332794,15.384583,5798.82,19025,332
193,WE44/THD044,2/10/2019,7:03:14,102.369301,15.472092,5334,17500,324
194,WE44/THD044,2/10/2019,7:03:46,102.38826,15.517397,5105.4,16750,318
195,WE44/THD044,2/10/2019,7:04:11,102.40239,15.551008,4899.66,16075,318
196,WE44/THD044,2/10/2019,7:05:08,102.434166,15.628006,4442.46,14575,314
197,WE44/THD044,2/10/2019,7:05:26,102.443436,15.6544,4168.14,13675,324
198,WE44/THD044,2/10/2019,7:06:25,102.472473,15.74229,3550.92,11650,332
199,WE44/THD044,2/10/2019,7:06:41,102.479843,15.76387,3429,11250,328
200,WE44/THD044,2/10/2019,7:06:56,102.488037,15.787811,3291.84,10800,325
201,WE44/THD044,2/10/2019,7:07:08,102.493286,15.802963,3192.78,10475,323
202,WE44/THD044,2/10/2019,7:07:23,102.501511,15.826365,3078.48,10100,318
203,WE44/THD044,2/10/2019,7:07:40,102.508896,15.847092,2941.32,9650,313
204,WE44/THD044,2/10/2019,7:07:49,102.513954,15.861374,2872.74,9425,311
205,WE44/THD044,2/10/2019,7:08:05,102.521278,15.882041,2827.02,9275,302
206,WE44/THD044,2/10/2019,7:08:21,102.528122,15.90152,2743.2,9000,292
207,WE44/THD044,2/10/2019,7:08:30,102.5327,15.914658,2674.62,8775,291
208,WE44/THD044,2/10/2019,7:08:45,102.539421,15.933714,2583.18,8475,287
209,WE44/THD044,2/10/2019,7:09:01,102.546822,15.954712,2484.12,8150,283
210,WE44/THD044,2/10/2019,7:09:12,102.551048,15.966673,2392.68,7850,283
211,WE44/THD044,2/10/2019,7:09:26,102.557816,15.985806,2286,7500,283
212,WE44/THD044,2/10/2019,7:09:43,102.564682,16.005312,2179.32,7150,278
213,WE44/THD044,2/10/2019,7:09:52,102.568504,16.016111,2095.5,6875,278
214,WE44/THD044,2/10/2019,7:10:08,102.575523,16.035709,1973.58,6475,279
215,WE44/THD044,2/10/2019,7:10:22,102.581703,16.0534,1844.04,6050,279
216,WE44/THD044,2/10/2019,7:10:37,102.588318,16.072393,1744.98,5725,278
217,WE44/THD044,2/10/2019,7:10:48,102.593178,16.086044,1676.4,5500,275
218,WE44/THD044,2/10/2019,7:11:04,102.599457,16.104141,1600.2,5250,271
219,WE44/THD044,2/10/2019,7:11:14,102.603729,16.11644,1562.1,5125,267
220,WE44/THD044,2/10/2019,7:11:30,102.609993,16.13443,1546.86,5075,259
221,WE44/THD044,2/10/2019,7:11:43,102.614906,16.148319,1539.24,5050,257
222,WE44/THD044,2/10/2019,7:11:58,102.620743,16.164892,1485.9,4875,252
223,WE44/THD044,2/10/2019,7:12:08,102.625023,16.176865,1409.7,4625,253
224,WE44/THD044,2/10/2019,7:12:17,102.628784,16.187302,1348.74,4425,253
225,WE44/THD044,2/10/2019,7:12:28,102.632805,16.198595,1295.4,4250,251
226,WE44/THD044,2/10/2019,7:12:39,102.637268,16.21106,1257.3,4125,246
227,WE44/THD044,2/10/2019,7:12:48,102.64064,16.220718,1226.82,4025,242
228,WE44/THD044,2/10/2019,7:12:55,102.643044,16.227722,1211.58,3975,238
229,WE44/THD044,2/10/2019,7:13:03,102.646591,16.237793,1188.72,3900,232
230,WE44/THD044,2/10/2019,7:13:14,102.650368,16.248505,1158.24,3800,228
231,WE44/THD044,2/10/2019,7:13:30,102.65567,16.263794,1112.52,3650,219
232,WE44/THD044,2/10/2019,7:13:36,102.657455,16.268967,1097.28,3600,216
233,WE44/THD044,2/10/2019,7:13:46,102.661118,16.279541,1059.18,3475,212
234,WE44/THD044,2/10/2019,7:13:57,102.664536,16.288767,1021.08,3350,208
235,WE44/THD044,2/10/2019,7:14:08,102.669838,16.29776,998.22,3275,205
236,WE44/THD044,2/10/2019,7:14:18,102.675034,16.305294,982.98,3225,201
237,WE44/THD044,2/10/2019,7:14:28,102.68087,16.313736,952.5,3125,208
238,WE44/THD044,2/10/2019,7:14:38,102.686562,16.322067,937.26,3075,204
239,WE44/THD044,2/10/2019,7:14:47,102.691658,16.329548,937.26,3075,198
240,WE44/THD044,2/10/2019,7:14:58,102.697159,16.337769,929.64,3050,198
241,WE44/THD044,2/10/2019,7:15:07,102.701614,16.34449,937.26,3075,193
242,WE44/THD044,2/10/2019,7:15:19,102.707275,16.352829,914.4,3000,186
243,WE44/THD044,2/10/2019,7:15:29,102.711952,16.359741,876.3,2875,184
244,WE44/THD044,2/10/2019,7:15:43,102.71962,16.371164,800.1,2625,184
245,WE44/THD044,2/10/2019,7:15:54,102.724129,16.377914,746.76,2450,181
246,WE44/THD044,2/10/2019,7:16:05,102.729012,16.385284,701.04,2300,175
247,WE44/THD044,2/10/2019,7:16:14,102.733398,16.391973,662.94,2175,161
248,WE44/THD044,2/10/2019,7:16:24,102.737297,16.397873,609.6,2000,154
249,WE44/THD044,2/10/2019,7:16:33,102.741348,16.403751,563.88,1850,147
250,WE44/THD044,2/10/2019,7:16:44,102.745071,16.409245,525.78,1725,143
251,WE44/THD044,2/10/2019,7:16:55,102.749046,16.415064,487.68,1600,144
252,WE44/THD044,2/10/2019,7:17:10,102.754837,16.423691,426.72,1400,140
253,WE44/THD044,2/10/2019,7:17:20,102.758598,16.429321,396.24,1300,138
254,WE44/THD044,2/10/2019,7:17:30,102.762207,16.434631,350.52,1150,140
255,WE44/THD044,2/10/2019,7:17:40,102.766068,16.440342,327.66,1075,137
256,WE44/THD044,2/10/2019,7:17:47,102.768417,16.44388,304.8,1000,136
257,-,-,-,-,-,-,-,-
258,WE44/THD044,3/10/2019,6:38:27,100.759773,13.686928,0,0,74
259,WE44/THD044,3/10/2019,6:38:38,100.758194,13.680965,0,0,125
260,WE44/THD044,3/10/2019,6:38:53,100.755569,13.671158,144.78,475,155
261,WE44/THD044,3/10/2019,6:39:09,100.752968,13.660707,342.9,1125,158
262,WE44/THD044,3/10/2019,6:39:20,100.750893,13.652608,502.92,1650,156
263,WE44/THD044,3/10/2019,6:39:35,100.747902,13.641295,693.42,2275,157
264,WE44/THD044,3/10/2019,6:39:44,100.746239,13.634811,777.24,2550,160
265,WE44/THD044,3/10/2019,6:39:56,100.744156,13.626755,899.16,2950,163
266,WE44/THD044,3/10/2019,6:40:07,100.742073,13.618857,1005.84,3300,166
267,WE44/THD044,3/10/2019,6:40:21,100.738754,13.606476,1112.52,3650,182
268,WE44/THD044,3/10/2019,6:40:46,100.734589,13.583679,1242.06,4075,217
269,WE44/THD044,3/10/2019,6:40:52,100.736534,13.57682,1272.54,4175,227
270,WE44/THD044,3/10/2019,6:40:58,100.740051,13.570676,1303.02,4275,238
271,WE44/THD044,3/10/2019,6:41:08,100.745438,13.563309,1341.12,4400,253
272,WE44/THD044,3/10/2019,6:41:14,100.750595,13.557312,1371.6,4500,266
273,WE44/THD044,3/10/2019,6:41:23,100.759468,13.547958,1409.7,4625,287
274,WE44/THD044,3/10/2019,6:41:29,100.764626,13.542837,1432.56,4700,297
275,WE44/THD044,3/10/2019,6:41:35,100.770988,13.536552,1463.04,4800,310
276,WE44/THD044,3/10/2019,6:41:41,100.777588,13.530128,1485.9,4875,317
277,WE44/THD044,3/10/2019,6:41:47,100.784737,13.524078,1501.14,4925,322
278,WE44/THD044,3/10/2019,6:41:53,100.791939,13.519363,1531.62,5025,327
279,WE44/THD044,3/10/2019,6:41:59,100.800652,13.515335,1554.48,5100,329
280,WE44/THD044,3/10/2019,6:42:08,100.814255,13.511973,1592.58,5225,332
281,WE44/THD044,3/10/2019,6:42:14,100.82399,13.511555,1623.06,5325,334
282,WE44/THD044,3/10/2019,6:42:20,100.832855,13.51202,1661.16,5450,332
283,WE44/THD044,3/10/2019,6:42:27,100.842926,13.512811,1691.64,5550,333
284,WE44/THD044,3/10/2019,6:42:33,100.853966,13.513649,1737.36,5700,332
285,WE44/THD044,3/10/2019,6:42:41,100.865906,13.514603,1821.18,5975,333
286,WE44/THD044,3/10/2019,6:42:53,100.885185,13.51593,2004.06,6575,334
287,WE44/THD044,3/10/2019,6:43:05,100.90345,13.51714,2263.14,7425,330
288,WE44/THD044,3/10/2019,6:43:18,100.923058,13.518351,2583.18,8475,318
289,WE44/THD044,3/10/2019,6:43:29,100.940407,13.519422,2849.88,9350,313
290,WE44/THD044,3/10/2019,6:43:41,100.958534,13.520462,3063.24,10050,313
291,WE44/THD044,3/10/2019,6:43:54,100.975296,13.523425,3230.88,10600,318
292,WE44/THD044,3/10/2019,6:44:03,100.98851,13.529984,3368.04,11050,320
293,WE44/THD044,3/10/2019,6:44:11,100.9991,13.538554,3489.96,11450,322
294,WE44/THD044,3/10/2019,6:44:21,101.009056,13.547562,3611.88,11850,325
295,WE44/THD044,3/10/2019,6:44:27,101.016022,13.554062,3688.08,12100,327
296,WE44/THD044,3/10/2019,6:44:33,101.023239,13.5609,3771.9,12375,330
297,WE44/THD044,3/10/2019,6:45:05,101.060486,13.595901,4221.48,13850,338
298,WE44/THD044,3/10/2019,6:45:35,101.096046,13.628174,4579.62,15025,346
299,WE44/THD044,3/10/2019,6:46:12,101.142693,13.669832,5059.68,16600,355
300,WE44/THD044,3/10/2019,6:46:29,101.166298,13.685986,5349.24,17550,350
301,WE44/THD044,3/10/2019,6:47:06,101.215759,13.715378,5913.12,19400,339
302,WE44/THD044,3/10/2019,6:48:10,101.302376,13.767197,6804.66,22325,326
303,WE44/THD044,3/10/2019,6:48:54,101.363091,13.807394,7018.02,23025,358
304,WE44/THD044,3/10/2019,6:49:00,101.369667,13.814392,7018.02,23025,365
305,WE44/THD044,3/10/2019,6:49:09,101.377693,13.824478,7010.4,23000,374
306,WE44/THD044,3/10/2019,6:49:15,101.385498,13.835464,7010.4,23000,379
307,WE44/THD044,3/10/2019,6:49:21,101.391472,13.843891,7010.4,23000,381
308,WE44/THD044,3/10/2019,6:50:25,101.457924,13.937041,7010.4,23000,386
309,WE44/THD044,3/10/2019,6:51:27,101.523567,14.031052,7010.4,23000,388
310,WE44/THD044,3/10/2019,6:52:30,101.588493,14.12439,7010.4,23000,387
311,WE44/THD044,3/10/2019,6:53:34,101.654366,14.219604,7010.4,23000,387
312,WE44/THD044,3/10/2019,6:54:37,101.72068,14.315279,7010.4,23000,388
313,WE44/THD044,3/10/2019,6:55:37,101.781609,14.403168,7010.4,23000,388
314,WE44/THD044,3/10/2019,6:56:47,101.854156,14.507584,7010.4,23000,389
315,WE44/THD044,3/10/2019,6:57:49,101.918602,14.600372,7010.4,23000,385
316,WE44/THD044,3/10/2019,6:58:42,101.973396,14.678925,7010.4,23000,387
317,WE44/THD044,3/10/2019,7:00:12,102.067436,14.813873,7010.4,23000,389
318,WE44/THD044,3/10/2019,7:00:47,102.103081,14.864914,7010.4,23000,387
319,WE44/THD044,3/10/2019,7:02:17,102.176903,15.007141,7010.4,23000,387
320,WE44/THD044,3/10/2019,7:03:20,102.221329,15.114258,7010.4,23000,385
321,WE44/THD044,3/10/2019,7:04:19,102.261902,15.212082,6957.06,22825,380
322,WE44/THD044,3/10/2019,7:05:23,102.305763,15.318107,6332.22,20775,373
323,WE44/THD044,3/10/2019,7:06:26,102.347717,15.418716,5608.32,18400,374
324,WE44/THD044,3/10/2019,7:07:18,102.381935,15.50157,5143.5,16875,363
325,WE44/THD044,3/10/2019,7:08:19,102.420815,15.594681,4579.62,15025,353
326,WE44/THD044,3/10/2019,7:08:52,102.441429,15.644205,4305.3,14125,346
327,WE44/THD044,3/10/2019,7:09:39,102.469727,15.712372,4015.74,13175,323
328,WE44/THD044,3/10/2019,7:10:04,102.482109,15.747208,3710.94,12175,333
329,WE44/THD044,3/10/2019,7:11:04,102.510056,15.833725,3230.88,10600,321
330,WE44/THD044,3/10/2019,7:11:30,102.522209,15.869937,3131.82,10275,305
331,WE44/THD044,3/10/2019,7:11:43,102.528122,15.887421,3055.62,10025,297
332,WE44/THD044,3/10/2019,7:11:58,102.534729,15.906647,2948.94,9675,295
333,WE44/THD044,3/10/2019,7:12:18,102.543541,15.932549,2781.3,9125,293
334,WE44/THD044,3/10/2019,7:12:29,102.548889,15.948349,2697.48,8850,292
335,WE44/THD044,3/10/2019,7:12:41,102.554039,15.963461,2636.52,8650,288
336,WE44/THD044,3/10/2019,7:12:54,102.559288,15.978869,2598.42,8525,278
337,WE44/THD044,3/10/2019,7:13:06,102.563972,15.992706,2567.94,8425,271
338,WE44/THD044,3/10/2019,7:13:17,102.569275,16.008041,2506.98,8225,266
339,WE44/THD044,3/10/2019,7:13:29,102.573853,16.021362,2407.92,7900,265
340,WE44/THD044,3/10/2019,7:13:42,102.578957,16.036377,2247.9,7375,272
341,WE44/THD044,3/10/2019,7:13:54,102.583763,16.050606,2103.12,6900,279
342,WE44/THD044,3/10/2019,7:14:06,102.589127,16.066544,2004.06,6575,281
343,WE44/THD044,3/10/2019,7:14:18,102.59375,16.080185,1905,6250,280
344,WE44/THD044,3/10/2019,7:14:30,102.598816,16.095062,1813.56,5950,281
345,WE44/THD044,3/10/2019,7:14:43,102.603966,16.110193,1706.88,5600,281
346,WE44/THD044,3/10/2019,7:14:56,102.609703,16.126968,1615.44,5300,278
347,WE44/THD044,3/10/2019,7:15:07,102.614471,16.140976,1531.62,5025,277
348,WE44/THD044,3/10/2019,7:15:19,102.619614,16.156094,1440.18,4725,276
349,WE44/THD044,3/10/2019,7:15:25,102.622215,16.163589,1394.46,4575,275
350,WE44/THD044,3/10/2019,7:15:55,102.633751,16.197418,1287.78,4225,260
351,WE44/THD044,3/10/2019,7:16:04,102.637894,16.209641,1249.68,4100,253
352,WE44/THD044,3/10/2019,7:16:15,102.641876,16.221313,1226.82,4025,248
353,WE44/THD044,3/10/2019,7:16:25,102.645653,16.2323,1188.72,3900,243
354,WE44/THD044,3/10/2019,7:16:35,102.649239,16.243053,1173.48,3850,236
355,WE44/THD044,3/10/2019,7:16:45,102.652473,16.252737,1143,3750,232
356,WE44/THD044,3/10/2019,7:16:55,102.656151,16.26363,1112.52,3650,226
357,WE44/THD044,3/10/2019,7:17:05,102.65934,16.272846,1089.66,3575,221
358,WE44/THD044,3/10/2019,7:17:11,102.661011,16.277689,1066.8,3500,219
359,WE44/THD044,3/10/2019,7:17:21,102.664734,16.287977,1036.32,3400,216
360,WE44/THD044,3/10/2019,7:17:32,102.66925,16.296263,982.98,3225,213
361,WE44/THD044,3/10/2019,7:17:41,102.674988,16.304829,960.12,3150,210
362,WE44/THD044,3/10/2019,7:17:56,102.683472,16.317123,944.88,3100,209
363,WE44/THD044,3/10/2019,7:18:06,102.689209,16.325363,952.5,3125,201
364,WE44/THD044,3/10/2019,7:18:16,102.694061,16.332573,960.12,3150,188
365,WE44/THD044,3/10/2019,7:18:26,102.698799,16.339783,952.5,3125,175
366,WE44/THD044,3/10/2019,7:18:37,102.703468,16.346924,952.5,3125,164
367,WE44/THD044,3/10/2019,7:18:51,102.70961,16.356035,922.02,3025,161
368,WE44/THD044,3/10/2019,7:19:03,102.714272,16.362925,868.68,2850,164
369,WE44/THD044,3/10/2019,7:19:13,102.718216,16.368805,830.58,2725,163
370,WE44/THD044,3/10/2019,7:19:23,102.722603,16.375443,784.86,2575,162
371,WE44/THD044,3/10/2019,7:19:33,102.726746,16.381714,739.14,2425,159
372,WE44/THD044,3/10/2019,7:19:42,102.730797,16.387848,708.66,2325,152
373,WE44/THD044,3/10/2019,7:19:52,102.734528,16.39337,662.94,2175,146
374,WE44/THD044,3/10/2019,7:20:03,102.738548,16.399429,617.22,2025,146
375,WE44/THD044,3/10/2019,7:20:13,102.742569,16.405334,571.5,1875,142
376,WE44/THD044,3/10/2019,7:20:27,102.748016,16.413435,518.16,1700,139
377,WE44/THD044,3/10/2019,7:20:38,102.751991,16.419394,487.68,1600,142
378,WE44/THD044,3/10/2019,7:20:48,102.755615,16.424654,449.58,1475,145
379,WE44/THD044,3/10/2019,7:20:59,102.759605,16.430603,403.86,1325,142
380,WE44/THD044,3/10/2019,7:21:08,102.762779,16.435453,365.76,1200,139
381,WE44/THD044,3/10/2019,7:21:17,102.766357,16.440811,335.28,1100,140
382,-,-,-,-,-,-,-,-
383,WE44/THD044,4/10/2019,6:34:48,100.757652,13.700821,0,0,11
384,WE44/THD044,4/10/2019,6:35:37,100.758423,13.700719,0,0,10
385,WE44/THD044,4/10/2019,6:38:43,100.758507,13.700764,0,0,14
386,WE44/THD044,4/10/2019,6:39:56,100.759949,13.698715,0,0,33
387,WE44/THD044,4/10/2019,6:40:13,100.759628,13.697484,0,0,17
388,WE44/THD044,4/10/2019,6:40:26,100.759315,13.696285,0,0,20
389,WE44/THD044,4/10/2019,6:41:16,100.759613,13.693577,0,0,31
390,WE44/THD044,4/10/2019,6:41:25,100.759506,13.693166,0,0,22
391,WE44/THD044,4/10/2019,6:46:09,100.759354,13.692581,0,0,20
392,WE44/THD044,4/10/2019,6:48:33,100.760872,13.691174,0,0,25
393,WE44/THD044,4/10/2019,6:48:42,100.760818,13.690897,0,0,10
394,WE44/THD044,4/10/2019,6:50:08,100.760818,13.690862,0,0,2
395,WE44/THD044,4/10/2019,6:51:14,100.760689,13.690338,0,0,24
396,WE44/THD044,4/10/2019,6:51:22,100.760254,13.688702,0,0,60
397,WE44/THD044,4/10/2019,6:51:29,100.759415,13.685509,0,0,98
398,WE44/THD044,4/10/2019,6:52:12,100.751854,13.65554,426.72,1400,164
399,WE44/THD044,4/10/2019,6:52:22,100.750031,13.64859,601.98,1975,159
400,WE44/THD044,4/10/2019,6:52:32,100.748146,13.641435,731.52,2400,155
401,WE44/THD044,4/10/2019,6:52:42,100.746147,13.634033,845.82,2775,156
402,WE44/THD044,4/10/2019,6:52:52,100.744301,13.627258,937.26,3075,161
403,WE44/THD044,4/10/2019,6:53:03,100.742073,13.619137,1028.7,3375,165
404,WE44/THD044,4/10/2019,6:53:12,100.740242,13.612387,1089.66,3575,178
405,WE44/THD044,4/10/2019,6:53:22,100.737907,13.603088,1165.86,3825,192
406,WE44/THD044,4/10/2019,6:53:32,100.735718,13.594371,1219.2,4000,205
407,WE44/THD044,4/10/2019,6:53:43,100.734848,13.58357,1272.54,4175,227
408,WE44/THD044,4/10/2019,6:53:52,100.73909,13.572693,1356.36,4450,243
409,WE44/THD044,4/10/2019,6:53:58,100.741982,13.568721,1394.46,4575,252
410,WE44/THD044,4/10/2019,6:54:07,100.750168,13.559037,1463.04,4800,265
411,WE44/THD044,4/10/2019,6:54:13,100.754845,13.554056,1501.14,4925,270
412,WE44/THD044,4/10/2019,6:54:33,100.773109,13.536227,1638.3,5375,277
413,WE44/THD044,4/10/2019,6:54:47,100.786537,13.523392,1714.5,5625,278
414,WE44/THD044,4/10/2019,6:54:58,100.799171,13.515557,1752.6,5750,275
415,WE44/THD044,4/10/2019,6:55:09,100.810982,13.512486,1775.46,5825,274
416,WE44/THD044,4/10/2019,6:55:18,100.824036,13.512671,1805.94,5925,274
417,WE44/THD044,4/10/2019,6:55:24,100.831848,13.513323,1821.18,5975,275
418,WE44/THD044,4/10/2019,6:55:33,100.843933,13.514282,1844.04,6050,277
419,WE44/THD044,4/10/2019,6:55:39,100.851265,13.514859,1859.28,6100,277
420,WE44/THD044,4/10/2019,6:55:48,100.864998,13.515837,1859.28,6100,278
421,WE44/THD044,4/10/2019,6:56:04,100.884277,13.517075,1866.9,6125,278
422,WE44/THD044,4/10/2019,6:56:19,100.903542,13.518165,1866.9,6125,277
423,WE44/THD044,4/10/2019,6:56:33,100.923347,13.519282,1866.9,6125,279
424,WE44/THD044,4/10/2019,6:56:48,100.942665,13.523621,1859.28,6100,280
425,WE44/THD044,4/10/2019,6:56:54,100.949753,13.527708,1859.28,6100,280
426,WE44/THD044,4/10/2019,6:57:04,100.959618,13.53685,1866.9,6125,280
427,WE44/THD044,4/10/2019,6:57:14,100.967201,13.546841,1866.9,6125,277
428,WE44/THD044,4/10/2019,6:57:20,100.971458,13.552689,1874.52,6150,277
429,WE44/THD044,4/10/2019,6:57:41,100.987488,13.573282,2072.64,6800,280
430,WE44/THD044,4/10/2019,6:57:54,100.999725,13.589482,2339.34,7675,282
431,WE44/THD044,4/10/2019,6:58:10,101.009529,13.60675,2628.9,8625,284
432,WE44/THD044,4/10/2019,6:58:16,101.012329,13.613342,2720.34,8925,284
433,WE44/THD044,4/10/2019,6:58:24,101.016014,13.62449,2872.74,9425,288
434,WE44/THD044,4/10/2019,6:58:30,101.01796,13.632111,2933.7,9625,292
435,WE44/THD044,4/10/2019,6:58:40,101.020706,13.646667,3025.14,9925,295
436,WE44/THD044,4/10/2019,6:58:46,101.021645,13.652375,3055.62,10025,295
437,WE44/THD044,4/10/2019,6:59:01,101.025063,13.673492,3093.72,10150,295
438,WE44/THD044,4/10/2019,6:59:16,101.028191,13.693588,3086.1,10125,294
439,WE44/THD044,4/10/2019,6:59:30,101.031601,13.71492,3093.72,10150,295
440,WE44/THD044,4/10/2019,6:59:46,101.037598,13.735145,3124.2,10250,312
441,WE44/THD044,4/10/2019,6:59:57,101.045692,13.746969,3154.68,10350,330
442,WE44/THD044,4/10/2019,7:00:06,101.056747,13.76033,3177.54,10425,348
443,WE44/THD044,4/10/2019,7:00:17,101.067444,13.772873,3192.78,10475,352
444,WE44/THD044,4/10/2019,7:01:08,101.132088,13.82811,3695.7,12125,356
445,WE44/THD044,4/10/2019,7:01:40,101.176804,13.858694,4076.7,13375,367
446,WE44/THD044,4/10/2019,7:02:14,101.227158,13.89305,4533.9,14875,374
447,WE44/THD044,4/10/2019,7:02:48,101.27652,13.926544,4960.62,16275,377
448,WE44/THD044,4/10/2019,7:03:22,101.329323,13.962433,5113.02,16775,384
449,WE44/THD044,4/10/2019,7:03:56,101.379898,13.996811,5181.6,17000,389
450,WE44/THD044,4/10/2019,7:04:26,101.424553,14.027206,5181.6,17000,387
451,WE44/THD044,4/10/2019,7:05:15,101.498611,14.077515,5394.96,17700,393
452,WE44/THD044,4/10/2019,7:05:51,101.555916,14.116379,5760.72,18900,400
453,WE44/THD044,4/10/2019,7:06:55,101.653221,14.182325,6286.5,20625,398
454,WE44/THD044,4/10/2019,7:08:02,101.759583,14.254028,6400.8,21000,403
455,WE44/THD044,4/10/2019,7:09:03,101.85051,14.326675,6400.8,21000,398
456,WE44/THD044,4/10/2019,7:09:45,101.898285,14.38559,6408.42,21025,379
457,WE44/THD044,4/10/2019,7:10:45,101.946877,14.479019,6400.8,21000,378
458,WE44/THD044,4/10/2019,7:11:47,101.992012,14.581837,6400.8,21000,380
459,WE44/THD044,4/10/2019,7:12:51,102.036827,14.684299,6400.8,21000,379
460,WE44/THD044,4/10/2019,7:13:54,102.082024,14.787369,6659.88,21850,381
461,WE44/THD044,4/10/2019,7:14:55,102.124519,14.884003,7018.02,23025,380
462,WE44/THD044,4/10/2019,7:15:58,102.168343,14.986423,7010.4,23000,377
463,WE44/THD044,4/10/2019,7:17:01,102.210823,15.090637,6675.12,21900,375
464,WE44/THD044,4/10/2019,7:18:04,102.252945,15.192043,6004.56,19700,371
465,WE44/THD044,4/10/2019,7:19:04,102.292641,15.288071,5440.68,17850,360
466,WE44/THD044,4/10/2019,7:19:37,102.312927,15.337372,5128.26,16825,354
467,WE44/THD044,4/10/2019,7:20:10,102.334274,15.388092,4838.7,15875,347
468,WE44/THD044,4/10/2019,7:20:41,102.353439,15.433696,4533.9,14875,345
469,WE44/THD044,4/10/2019,7:21:14,102.371536,15.481412,4244.34,13925,339
470,WE44/THD044,4/10/2019,7:21:47,102.388916,15.531693,3924.3,12875,336
471,WE44/THD044,4/10/2019,7:22:23,102.407341,15.58392,3611.88,11850,329
472,WE44/THD044,4/10/2019,7:22:34,102.41349,15.600906,3505.2,11500,328
473,WE44/THD044,4/10/2019,7:22:47,102.419655,15.617857,3383.28,11100,327
474,WE44/THD044,4/10/2019,7:22:59,102.426323,15.636198,3268.98,10725,326
475,WE44/THD044,4/10/2019,7:23:12,102.432137,15.652405,3177.54,10425,324
476,WE44/THD044,4/10/2019,7:23:23,102.438484,15.669995,3131.82,10275,314
477,WE44/THD044,4/10/2019,7:23:34,102.443558,15.683899,3086.1,10125,309
478,WE44/THD044,4/10/2019,7:23:46,102.449959,15.701232,3002.28,9850,303
479,WE44/THD044,4/10/2019,7:23:59,102.455795,15.71706,2918.46,9575,300
480,WE44/THD044,4/10/2019,7:24:11,102.461868,15.733521,2834.64,9300,297
481,WE44/THD044,4/10/2019,7:24:23,102.46698,15.747528,2758.44,9050,295
482,WE44/THD044,4/10/2019,7:24:39,102.475021,15.76957,2735.58,8975,289
483,WE44/THD044,4/10/2019,7:24:48,102.48008,15.779617,2758.44,9050,285
484,WE44/THD044,4/10/2019,7:24:55,102.485229,15.786283,2766.06,9075,281
485,WE44/THD044,4/10/2019,7:25:02,102.493286,15.793121,2773.68,9100,270
486,WE44/THD044,4/10/2019,7:25:09,102.499886,15.796783,2781.3,9125,264
487,WE44/THD044,4/10/2019,7:25:18,102.511116,15.800217,2781.3,9125,254
488,WE44/THD044,4/10/2019,7:25:27,102.522148,15.800949,2781.3,9125,251
489,WE44/THD044,4/10/2019,7:25:59,102.555397,15.78598,2781.3,9125,245
490,WE44/THD044,4/10/2019,7:26:11,102.563698,15.774039,2781.3,9125,247
491,WE44/THD044,4/10/2019,7:26:17,102.566399,15.767103,2781.3,9125,249
492,WE44/THD044,4/10/2019,7:26:24,102.567673,15.761191,2781.3,9125,250
493,WE44/THD044,4/10/2019,7:26:51,102.562241,15.730316,2781.3,9125,250
494,WE44/THD044,4/10/2019,7:26:57,102.559731,15.724045,2781.3,9125,250
495,WE44/THD044,4/10/2019,7:27:11,102.553452,15.707703,2781.3,9125,250
496,WE44/THD044,4/10/2019,7:27:23,102.548401,15.694109,2781.3,9125,249
497,WE44/THD044,4/10/2019,7:27:36,102.54393,15.681656,2781.3,9125,249
498,WE44/THD044,4/10/2019,7:27:47,102.539207,15.668472,2781.3,9125,249
499,WE44/THD044,4/10/2019,7:27:59,102.533928,15.655238,2773.68,9100,251
500,WE44/THD044,4/10/2019,7:28:05,102.530197,15.649246,2773.68,9100,252
501,WE44/THD044,4/10/2019,7:28:11,102.524994,15.643387,2773.68,9100,253
502,WE44/THD044,4/10/2019,7:28:17,102.519608,15.639038,2781.3,9125,254
503,WE44/THD044,4/10/2019,7:28:23,102.513771,15.635686,2781.3,9125,254
504,WE44/THD044,4/10/2019,7:28:29,102.50676,15.632939,2781.3,9125,254
505,WE44/THD044,4/10/2019,7:28:35,102.499649,15.631348,2781.3,9125,255
506,WE44/THD044,4/10/2019,7:28:41,102.491653,15.630798,2781.3,9125,255
507,WE44/THD044,4/10/2019,7:29:02,102.467506,15.637573,2781.3,9125,253
508,WE44/THD044,4/10/2019,7:29:09,102.462173,15.641226,2781.3,9125,253
509,WE44/THD044,4/10/2019,7:29:17,102.454208,15.649109,2781.3,9125,252
510,WE44/THD044,4/10/2019,7:29:23,102.450066,15.655197,2781.3,9125,252
511,WE44/THD044,4/10/2019,7:29:29,102.446884,15.662109,2781.3,9125,253
512,WE44/THD044,4/10/2019,7:29:35,102.445152,15.668015,2781.3,9125,254
513,WE44/THD044,4/10/2019,7:29:41,102.444092,15.675293,2781.3,9125,255
514,WE44/THD044,4/10/2019,7:30:05,102.450401,15.703001,2781.3,9125,253
515,WE44/THD044,4/10/2019,7:30:12,102.453247,15.710266,2781.3,9125,252
516,WE44/THD044,4/10/2019,7:30:27,102.459328,15.726231,2781.3,9125,250
517,WE44/THD044,4/10/2019,7:30:39,102.464287,15.73987,2781.3,9125,251
518,WE44/THD044,4/10/2019,7:30:51,102.468895,15.752719,2781.3,9125,253
519,WE44/THD044,4/10/2019,7:31:03,102.473846,15.766544,2781.3,9125,254
520,WE44/THD044,4/10/2019,7:31:15,102.479881,15.778881,2773.68,9100,254
521,WE44/THD044,4/10/2019,7:31:24,102.488121,15.786655,2781.3,9125,252
522,WE44/THD044,4/10/2019,7:31:30,102.494926,15.7901,2781.3,9125,251
523,WE44/THD044,4/10/2019,7:31:36,102.500946,15.791702,2781.3,9125,250
524,WE44/THD044,4/10/2019,7:31:43,102.507835,15.792252,2781.3,9125,252
525,WE44/THD044,4/10/2019,7:32:03,102.531158,15.783966,2788.92,9150,253
526,WE44/THD044,4/10/2019,7:32:09,102.537804,15.780557,2781.3,9125,264
527,WE44/THD044,4/10/2019,7:32:18,102.550308,15.777904,2773.68,9100,284
528,WE44/THD044,4/10/2019,7:32:24,102.557518,15.77823,2773.68,9100,287
529,WE44/THD044,4/10/2019,7:32:30,102.565178,15.779617,2773.68,9100,290
530,WE44/THD044,4/10/2019,7:32:36,102.574722,15.782776,2773.68,9100,290
531,WE44/THD044,4/10/2019,7:32:42,102.58165,15.786423,2773.68,9100,291
532,WE44/THD044,4/10/2019,7:32:49,102.588112,15.791336,2781.3,9125,292
533,WE44/THD044,4/10/2019,7:32:55,102.594063,15.797921,2773.68,9100,294
534,WE44/THD044,4/10/2019,7:33:03,102.599533,15.808411,2750.82,9025,295
535,WE44/THD044,4/10/2019,7:33:09,102.601707,15.81665,2720.34,8925,294
536,WE44/THD044,4/10/2019,7:33:15,102.603249,15.824982,2682.24,8800,293
537,WE44/THD044,4/10/2019,7:33:22,102.604401,15.832764,2636.52,8650,292
538,WE44/THD044,4/10/2019,7:33:31,102.606087,15.845123,2575.56,8450,291
539,WE44/THD044,4/10/2019,7:33:42,102.60804,15.861279,2468.88,8100,290
540,WE44/THD044,4/10/2019,7:33:54,102.610039,15.878494,2362.2,7750,290
541,WE44/THD044,4/10/2019,7:34:07,102.61187,15.893829,2255.52,7400,291
542,WE44/THD044,4/10/2019,7:34:18,102.613976,15.910438,2186.94,7175,289
543,WE44/THD044,4/10/2019,7:34:30,102.615868,15.925186,2171.7,7125,285
544,WE44/THD044,4/10/2019,7:34:46,102.618614,15.945786,2164.08,7100,291
545,WE44/THD044,4/10/2019,7:34:58,102.620789,15.962448,2164.08,7100,291
546,WE44/THD044,4/10/2019,7:35:09,102.622765,15.977463,2164.08,7100,291
547,WE44/THD044,4/10/2019,7:35:22,102.625008,15.994837,2156.46,7075,288
548,WE44/THD044,4/10/2019,7:35:34,102.627052,16.009918,2087.88,6850,286
549,WE44/THD044,4/10/2019,7:35:46,102.629219,16.026215,1988.82,6525,285
550,WE44/THD044,4/10/2019,7:35:58,102.631287,16.041203,1905,6250,285
551,WE44/THD044,4/10/2019,7:36:11,102.633545,16.057962,1805.94,5925,283
552,WE44/THD044,4/10/2019,7:36:23,102.635605,16.073092,1706.88,5600,283
553,WE44/THD044,4/10/2019,7:36:34,102.637756,16.089199,1623.06,5325,281
554,WE44/THD044,4/10/2019,7:36:45,102.639671,16.103394,1562.1,5125,279
555,WE44/THD044,4/10/2019,7:36:59,102.641891,16.120377,1447.8,4750,280
556,WE44/THD044,4/10/2019,7:37:10,102.643791,16.135099,1341.12,4400,280
557,WE44/THD044,4/10/2019,7:37:16,102.644875,16.143106,1303.02,4275,279
558,WE44/THD044,4/10/2019,7:37:24,102.646225,16.153381,1249.68,4100,279
559,WE44/THD044,4/10/2019,7:38:38,102.658272,16.242966,952.5,3125,237
560,WE44/THD044,4/10/2019,7:38:52,102.660347,16.258484,944.88,3100,221
561,WE44/THD044,4/10/2019,7:39:03,102.661842,16.269682,952.5,3125,208
562,WE44/THD044,4/10/2019,7:39:10,102.662704,16.276154,952.5,3125,206
563,WE44/THD044,4/10/2019,7:39:24,102.66497,16.288834,952.5,3125,203
564,WE44/THD044,4/10/2019,7:39:34,102.669403,16.297165,952.5,3125,202
565,WE44/THD044,4/10/2019,7:39:44,102.675034,16.305527,952.5,3125,201
566,WE44/THD044,4/10/2019,7:39:55,102.680626,16.31358,952.5,3125,201
567,WE44/THD044,4/10/2019,7:40:04,102.685791,16.321014,952.5,3125,201
568,WE44/THD044,4/10/2019,7:40:16,102.691513,16.329361,952.5,3125,203
569,WE44/THD044,4/10/2019,7:40:31,102.700096,16.34198,960.12,3150,191
570,WE44/THD044,4/10/2019,7:40:47,102.707184,16.352463,929.64,3050,177
571,WE44/THD044,4/10/2019,7:40:56,102.712257,16.360039,883.92,2900,175
572,WE44/THD044,4/10/2019,7:41:06,102.717064,16.36734,845.82,2775,174
573,WE44/THD044,4/10/2019,7:41:12,102.718842,16.370087,822.96,2700,174
574,WE44/THD044,4/10/2019,7:41:23,102.72374,16.377636,769.62,2525,173
575,WE44/THD044,4/10/2019,7:41:33,102.72805,16.38414,723.9,2375,171
576,WE44/THD044,4/10/2019,7:41:43,102.732666,16.391136,678.18,2225,167
577,WE44/THD044,4/10/2019,7:41:52,102.737129,16.397747,647.7,2125,158
578,WE44/THD044,4/10/2019,7:41:58,102.738991,16.400494,617.22,2025,155
579,WE44/THD044,4/10/2019,7:42:09,102.74337,16.406937,563.88,1850,147
580,WE44/THD044,4/10/2019,7:42:18,102.747131,16.41243,518.16,1700,139
581,WE44/THD044,4/10/2019,7:42:29,102.750763,16.41781,480.06,1575,137
582,WE44/THD044,4/10/2019,7:42:39,102.754486,16.423304,449.58,1475,135
583,WE44/THD044,4/10/2019,7:42:54,102.75975,16.431107,403.86,1325,132
584,WE44/THD044,4/10/2019,7:43:04,102.763168,16.436199,365.76,1200,133
585,WE44/THD044,4/10/2019,7:43:16,102.767143,16.442019,327.66,1075,133
586,-,-,-,-,-,-,-,-
587,WE44/THD044,5/10/2019,6:32:23,100.757118,13.691425,0,0,20
588,WE44/THD044,5/10/2019,6:32:35,100.75753,13.691322,0,0,20
589,WE44/THD044,5/10/2019,6:32:52,100.758102,13.691174,0,0,17
590,WE44/THD044,5/10/2019,6:33:33,100.759033,13.690933,0,0,10
591,WE44/THD044,5/10/2019,6:33:53,100.759361,13.690862,0,0,10
592,WE44/THD044,5/10/2019,6:34:05,100.758171,13.691164,0,0,2
593,WE44/THD044,5/10/2019,6:34:36,100.75956,13.690807,0,0,0
594,WE44/THD044,5/10/2019,6:35:02,100.760002,13.690687,0,0,19
595,WE44/THD044,5/10/2019,6:35:13,100.760376,13.690578,0,0,15
596,WE44/THD044,5/10/2019,6:35:36,100.760651,13.690175,0,0,13
597,WE44/THD044,5/10/2019,6:36:54,100.760506,13.689745,0,0,33
598,WE44/THD044,5/10/2019,6:37:07,100.759758,13.686905,0,0,74
599,WE44/THD044,5/10/2019,6:37:24,100.757317,13.677589,0,0,145
600,WE44/THD044,5/10/2019,6:37:39,100.754555,13.666945,205.74,675,161
601,WE44/THD044,5/10/2019,6:37:53,100.751762,13.656239,434.34,1425,158
602,WE44/THD044,5/10/2019,6:38:05,100.749649,13.648178,571.5,1875,162
603,WE44/THD044,5/10/2019,6:38:15,100.747894,13.64122,678.18,2225,163
604,WE44/THD044,5/10/2019,6:38:25,100.747711,13.633102,769.62,2525,166
605,WE44/THD044,5/10/2019,6:38:35,100.751923,13.625839,891.54,2925,164
606,WE44/THD044,5/10/2019,6:38:41,100.754951,13.623779,952.5,3125,163
607,WE44/THD044,5/10/2019,6:38:51,100.762268,13.620952,1051.56,3450,163
608,WE44/THD044,5/10/2019,6:39:02,100.770744,13.618299,1135.38,3725,177
609,WE44/THD044,5/10/2019,6:39:13,100.780098,13.61554,1219.2,4000,190
610,WE44/THD044,5/10/2019,6:39:22,100.789444,13.612805,1272.54,4175,208
611,WE44/THD044,5/10/2019,6:39:38,100.804955,13.60815,1402.08,4600,232
612,WE44/THD044,5/10/2019,6:39:49,100.817345,13.604333,1508.76,4950,249
613,WE44/THD044,5/10/2019,6:39:55,100.822624,13.602631,1569.72,5150,256
614,WE44/THD044,5/10/2019,6:41:09,100.914635,13.572006,2186.94,7175,281
615,WE44/THD044,5/10/2019,6:41:23,100.934235,13.565918,2453.64,8050,284
616,WE44/THD044,5/10/2019,6:41:29,100.940681,13.565002,2529.84,8300,286
617,WE44/THD044,5/10/2019,6:41:39,100.955101,13.566253,2697.48,8850,289
618,WE44/THD044,5/10/2019,6:41:49,100.968834,13.570117,2887.98,9475,290
619,WE44/THD044,5/10/2019,6:41:59,100.980927,13.574341,3032.76,9950,295
620,WE44/THD044,5/10/2019,6:42:05,100.988838,13.577316,3108.96,10200,297
621,WE44/THD044,5/10/2019,6:42:29,101.022934,13.590134,3337.56,10950,324
622,WE44/THD044,5/10/2019,6:42:45,101.044106,13.597955,3444.24,11300,341
623,WE44/THD044,5/10/2019,6:42:54,101.060341,13.604004,3573.78,11725,347
624,WE44/THD044,5/10/2019,6:43:10,101.083473,13.612479,3840.48,12600,345
625,WE44/THD044,5/10/2019,6:43:45,101.13903,13.634545,4427.22,14525,344
626,WE44/THD044,5/10/2019,6:43:55,101.152039,13.641435,4533.9,14875,347
627,WE44/THD044,5/10/2019,6:44:01,101.159744,13.646484,4594.86,15075,348
628,WE44/THD044,5/10/2019,6:44:11,101.173576,13.65731,4709.16,15450,353
629,WE44/THD044,5/10/2019,6:44:19,101.184319,13.66626,4823.46,15825,355
630,WE44/THD044,5/10/2019,6:44:57,101.23243,13.706451,5227.32,17150,361
631,WE44/THD044,5/10/2019,6:45:31,101.278137,13.744641,5425.44,17800,366
632,WE44/THD044,5/10/2019,6:46:03,101.319,13.778857,5669.28,18600,372
633,WE44/THD044,5/10/2019,6:47:02,101.400917,13.847428,6347.46,20825,382
634,WE44/THD044,5/10/2019,6:47:14,101.415695,13.859665,6431.28,21100,385
635,WE44/THD044,5/10/2019,6:48:43,101.547356,13.961854,7239,23750,399
636,WE44/THD044,5/10/2019,6:48:49,101.557571,13.967673,7284.72,23900,401
637,WE44/THD044,5/10/2019,6:49:26,101.618469,13.998642,7566.66,24825,407
638,WE44/THD044,5/10/2019,6:49:35,101.636604,14.002991,7604.76,24950,409
639,WE44/THD044,5/10/2019,6:49:42,101.650421,14.005334,7620,25000,409
640,WE44/THD044,5/10/2019,6:49:49,101.664307,14.007202,7620,25000,410
641,WE44/THD044,5/10/2019,6:49:55,101.675194,14.008313,7627.62,25025,410
642,WE44/THD044,5/10/2019,6:51:02,101.806274,14.018005,8077.2,26500,414
643,WE44/THD044,5/10/2019,6:51:56,101.908752,14.028305,8237.22,27025,403
644,WE44/THD044,5/10/2019,6:52:03,101.924522,14.034119,8229.6,27000,402
645,WE44/THD044,5/10/2019,6:52:11,101.936691,14.040481,8229.6,27000,401
646,WE44/THD044,5/10/2019,6:52:18,101.948624,14.048676,8229.6,27000,401
647,WE44/THD044,5/10/2019,6:52:26,101.958328,14.057193,8229.6,27000,403
648,WE44/THD044,5/10/2019,6:52:34,101.970276,14.070879,8229.6,27000,403
649,WE44/THD044,5/10/2019,6:52:49,101.984009,14.095226,8229.6,27000,404
650,WE44/THD044,5/10/2019,6:52:58,101.989166,14.110961,8229.6,27000,405
651,WE44/THD044,5/10/2019,6:53:10,101.993141,14.13176,8229.6,27000,406
652,WE44/THD044,5/10/2019,6:53:20,101.996742,14.152267,8229.6,27000,406
653,WE44/THD044,5/10/2019,6:54:25,102.018898,14.271423,8214.36,26950,400
654,WE44/THD044,5/10/2019,6:55:35,102.051857,14.396759,8229.6,27000,405
655,WE44/THD044,5/10/2019,6:56:37,102.087799,14.509048,8229.6,27000,401
656,WE44/THD044,5/10/2019,6:57:46,102.127556,14.633044,8229.6,27000,401
657,WE44/THD044,5/10/2019,6:58:48,102.162384,14.74118,8221.98,26975,399
658,WE44/THD044,5/10/2019,6:59:51,102.198013,14.8517,8221.98,26975,402
659,WE44/THD044,5/10/2019,7:00:55,102.235352,14.967361,8107.68,26600,407
660,WE44/THD044,5/10/2019,7:01:57,102.272118,15.081296,7665.72,25150,412
661,WE44/THD044,5/10/2019,7:02:56,102.306503,15.187854,7056.12,23150,403
662,WE44/THD044,5/10/2019,7:04:00,102.343338,15.301674,6400.8,21000,394
663,WE44/THD044,5/10/2019,7:05:03,102.37793,15.408646,5760.72,18900,383
664,WE44/THD044,5/10/2019,7:06:16,102.417107,15.529404,5036.82,16525,370
665,WE44/THD044,5/10/2019,7:06:48,102.434303,15.582596,4739.64,15550,362
666,WE44/THD044,5/10/2019,7:07:21,102.451332,15.635453,4434.84,14550,353
667,WE44/THD044,5/10/2019,7:07:55,102.467865,15.685869,4122.42,13525,346
668,WE44/THD044,5/10/2019,7:08:28,102.484291,15.736193,3817.62,12525,338
669,WE44/THD044,5/10/2019,7:09:00,102.500771,15.786609,3505.2,11500,331
670,WE44/THD044,5/10/2019,7:09:13,102.506104,15.802963,3406.14,11175,329
671,WE44/THD044,5/10/2019,7:09:25,102.5121,15.821569,3291.84,10800,326
672,WE44/THD044,5/10/2019,7:09:36,102.51738,15.837708,3200.4,10500,323
673,WE44/THD044,5/10/2019,7:09:48,102.523285,15.855832,3139.44,10300,316
674,WE44/THD044,5/10/2019,7:10:01,102.528389,15.87152,3101.34,10175,308
675,WE44/THD044,5/10/2019,7:10:14,102.533905,15.888657,3048,10000,298
676,WE44/THD044,5/10/2019,7:10:24,102.538689,15.903361,2971.8,9750,294
677,WE44/THD044,5/10/2019,7:10:36,102.543976,15.91951,2872.74,9425,293
678,WE44/THD044,5/10/2019,7:10:48,102.548935,15.934551,2781.3,9125,292
679,WE44/THD044,5/10/2019,7:11:01,102.554337,15.951141,2689.86,8825,291
680,WE44/THD044,5/10/2019,7:11:13,102.559158,15.96579,2606.04,8550,290
681,WE44/THD044,5/10/2019,7:11:25,102.564407,15.981949,2514.6,8250,288
682,WE44/THD044,5/10/2019,7:11:37,102.569046,15.996233,2423.16,7950,287
683,WE44/THD044,5/10/2019,7:11:49,102.57444,16.012712,2339.34,7675,285
684,WE44/THD044,5/10/2019,7:12:01,102.579102,16.027004,2247.9,7375,282
685,WE44/THD044,5/10/2019,7:12:14,102.584198,16.04274,2164.08,7100,279
686,WE44/THD044,5/10/2019,7:12:25,102.58876,16.056797,2080.26,6825,277
687,WE44/THD044,5/10/2019,7:12:37,102.593948,16.072495,1996.44,6550,276
688,WE44/THD044,5/10/2019,7:12:49,102.598373,16.086172,1912.62,6275,273
689,WE44/THD044,5/10/2019,7:13:01,102.603378,16.101395,1828.8,6000,272
690,WE44/THD044,5/10/2019,7:13:12,102.607582,16.11438,1752.6,5750,270
691,WE44/THD044,5/10/2019,7:13:25,102.612785,16.130402,1661.16,5450,269
692,WE44/THD044,5/10/2019,7:13:37,102.617111,16.143711,1584.96,5200,267
693,WE44/THD044,5/10/2019,7:13:48,102.621704,16.157913,1501.14,4925,266
694,WE44/THD044,5/10/2019,7:13:56,102.624016,16.164963,1455.42,4775,265
695,WE44/THD044,5/10/2019,7:14:08,102.62883,16.179743,1386.84,4550,264
696,WE44/THD044,5/10/2019,7:14:19,102.633118,16.192657,1325.88,4350,266
697,WE44/THD044,5/10/2019,7:14:27,102.636353,16.202316,1341.12,4400,259
698,WE44/THD044,5/10/2019,7:14:35,102.639084,16.210699,1356.36,4450,246
699,WE44/THD044,5/10/2019,7:14:47,102.643143,16.223053,1386.84,4550,231
700,WE44/THD044,5/10/2019,7:14:53,102.645065,16.229042,1394.46,4575,225
701,WE44/THD044,5/10/2019,7:15:05,102.648552,16.239702,1379.22,4525,216
702,WE44/THD044,5/10/2019,7:15:11,102.650711,16.246307,1379.22,4525,211
703,WE44/THD044,5/10/2019,7:15:23,102.654518,16.257797,1379.22,4525,209
704,WE44/THD044,5/10/2019,7:15:35,102.658066,16.268751,1371.6,4500,206
705,WE44/THD044,5/10/2019,7:15:41,102.659882,16.274336,1371.6,4500,203
706,WE44/THD044,5/10/2019,7:15:47,102.661644,16.279678,1379.22,4525,200
707,WE44/THD044,5/10/2019,7:15:59,102.665421,16.289932,1363.98,4475,198
708,WE44/THD044,5/10/2019,7:16:05,102.668152,16.294785,1341.12,4400,199
709,WE44/THD044,5/10/2019,7:16:12,102.671669,16.300278,1303.02,4275,199
710,WE44/THD044,5/10/2019,7:16:22,102.677238,16.308506,1242.06,4075,199
711,WE44/THD044,5/10/2019,7:18:28,102.735115,16.394302,640.08,2100,144
712,WE44/THD044,5/10/2019,7:18:35,102.737488,16.397873,617.22,2025,142
713,WE44/THD044,5/10/2019,7:18:41,102.739479,16.400866,594.36,1950,141
714,WE44/THD044,5/10/2019,7:18:47,102.741982,16.404636,571.5,1875,141
715,WE44/THD044,5/10/2019,7:18:54,102.744286,16.408035,548.64,1800,141
716,WE44/THD044,5/10/2019,7:19:05,102.748573,16.41449,502.92,1650,139
717,WE44/THD044,5/10/2019,7:19:13,102.75103,16.418106,480.06,1575,140
718,WE44/THD044,5/10/2019,7:19:24,102.755707,16.425018,441.96,1450,145
719,WE44/THD044,5/10/2019,7:19:30,102.757774,16.428085,411.48,1350,145
720,WE44/THD044,5/10/2019,7:19:37,102.76033,16.431747,381,1250,144
721,WE44/THD044,5/10/2019,7:19:43,102.762741,16.435181,358.14,1175,142
722,WE44/THD044,5/10/2019,7:19:55,102.767288,16.441877,312.42,1025,140
723,WE44/THD044,5/10/2019,7:20:06,102.771172,16.447906,274.32,900,138
724,WE44/THD044,5/10/2019,7:20:12,102.773865,16.451887,251.46,825,138
725,WE44/THD044,5/10/2019,7:20:19,102.776115,16.455238,228.6,750,141
726,-,-,-,-,-,-,-,-
727,WE44/THD044,7/10/2019,6:35:22,100.757149,13.691421,0,0,14
728,WE44/THD044,7/10/2019,6:35:39,100.757637,13.691311,0,0,19
729,WE44/THD044,7/10/2019,6:36:16,100.759377,13.690873,0,0,21
730,WE44/THD044,7/10/2019,6:36:37,100.759613,13.690815,0,0,0
731,WE44/THD044,7/10/2019,6:38:20,100.75972,13.690792,0,0,12
732,WE44/THD044,7/10/2019,6:38:32,100.760025,13.690722,0,0,19
733,WE44/THD044,7/10/2019,6:38:39,100.760315,13.69064,0,0,22
734,WE44/THD044,7/10/2019,6:40:57,100.760399,13.689262,0,0,26
735,WE44/THD044,7/10/2019,6:41:10,100.759239,13.684845,0,0,96
736,WE44/THD044,7/10/2019,6:41:22,100.757545,13.678391,0,0,140
737,WE44/THD044,7/10/2019,6:41:33,100.755287,13.669968,152.4,500,158
738,WE44/THD044,7/10/2019,6:41:43,100.753387,13.66333,289.56,950,158
739,WE44/THD044,7/10/2019,6:41:54,100.751328,13.656006,434.34,1425,159
740,WE44/THD044,7/10/2019,6:42:04,100.749306,13.648744,586.74,1925,159
741,WE44/THD044,7/10/2019,6:42:13,100.747475,13.641854,708.66,2325,159
742,WE44/THD044,7/10/2019,6:42:24,100.745338,13.633575,822.96,2700,161
743,WE44/THD044,7/10/2019,6:42:35,100.743446,13.626068,960.12,3150,163
744,WE44/THD044,7/10/2019,6:42:51,100.740196,13.613038,1097.28,3600,178
745,WE44/THD044,7/10/2019,6:43:01,100.73819,13.604965,1181.1,3875,188
746,WE44/THD044,7/10/2019,6:43:18,100.734802,13.589808,1303.02,4275,210
747,WE44/THD044,7/10/2019,6:43:25,100.734871,13.583496,1325.88,4350,221
748,WE44/THD044,7/10/2019,6:43:33,100.738663,13.573929,1402.08,4600,235
749,WE44/THD044,7/10/2019,6:43:40,100.742874,13.568069,1478.28,4850,243
750,WE44/THD044,7/10/2019,6:43:49,100.749313,13.560516,1569.72,5150,254
751,WE44/THD044,7/10/2019,6:43:55,100.75415,13.555298,1645.92,5400,261
752,WE44/THD044,7/10/2019,6:44:02,100.76236,13.546887,1790.7,5875,268
753,WE44/THD044,7/10/2019,6:44:18,100.775833,13.533463,2080.26,6825,272
754,WE44/THD044,7/10/2019,6:44:31,100.786537,13.523026,2293.62,7525,275
755,WE44/THD044,7/10/2019,6:44:39,100.796478,13.51621,2446.02,8025,279
756,WE44/THD044,7/10/2019,6:44:45,100.804153,13.513184,2537.46,8325,282
757,WE44/THD044,7/10/2019,6:44:51,100.812393,13.511536,2628.9,8625,286
758,WE44/THD044,7/10/2019,6:44:58,100.819595,13.511307,2705.1,8875,291
759,WE44/THD044,7/10/2019,6:45:06,100.832047,13.51181,2781.3,9125,300
760,WE44/THD044,7/10/2019,6:45:13,100.842369,13.512497,2827.02,9275,312
761,WE44/THD044,7/10/2019,6:45:21,100.854973,13.51472,2895.6,9500,324
762,WE44/THD044,7/10/2019,6:45:27,100.864037,13.518071,2964.18,9725,329
763,WE44/THD044,7/10/2019,6:45:33,100.872993,13.522727,3055.62,10025,333
764,WE44/THD044,7/10/2019,6:45:39,100.881477,13.527615,3154.68,10350,333
765,WE44/THD044,7/10/2019,6:45:45,100.888779,13.531998,3261.36,10700,334
766,WE44/THD044,7/10/2019,6:45:51,100.896637,13.536758,3352.8,11000,335
767,WE44/THD044,7/10/2019,6:46:07,100.916145,13.550812,3543.3,11625,343
768,WE44/THD044,7/10/2019,6:46:15,100.92807,13.5609,3688.08,12100,345
769,WE44/THD044,7/10/2019,6:46:53,100.972687,13.59819,4206.24,13800,351
770,WE44/THD044,7/10/2019,6:47:26,101.016495,13.63385,4625.34,15175,360
771,WE44/THD044,7/10/2019,6:47:58,101.060341,13.669506,5082.54,16675,362
772,WE44/THD044,7/10/2019,6:48:31,101.104286,13.705307,5463.54,17925,371
773,WE44/THD044,7/10/2019,6:49:04,101.150208,13.742733,5798.82,19025,381
774,WE44/THD044,7/10/2019,6:50:04,101.235458,13.812103,6332.22,20775,401
775,WE44/THD044,7/10/2019,6:51:07,101.337311,13.877408,6400.8,21000,402
776,WE44/THD044,7/10/2019,6:52:11,101.443542,13.935425,6400.8,21000,405
777,WE44/THD044,7/10/2019,6:53:14,101.549477,13.993882,6400.8,21000,403
778,WE44/THD044,7/10/2019,6:54:15,101.649895,14.049791,6400.8,21000,404
779,WE44/THD044,7/10/2019,6:55:17,101.755463,14.104294,6400.8,21000,404
780,WE44/THD044,7/10/2019,6:56:20,101.86467,14.159912,6400.8,21000,406
781,WE44/THD044,7/10/2019,6:57:18,101.963966,14.211411,6400.8,21000,404
782,WE44/THD044,7/10/2019,6:58:23,102.074074,14.269704,6400.8,21000,402
783,WE44/THD044,7/10/2019,6:59:27,102.180809,14.324478,6400.8,21000,398
784,WE44/THD044,7/10/2019,7:00:30,102.289536,14.377075,6400.8,21000,402
785,WE44/THD044,7/10/2019,7:00:48,102.317375,14.397675,6400.8,21000,405
786,WE44/THD044,7/10/2019,7:01:01,102.332008,14.414621,6400.8,21000,405
787,WE44/THD044,7/10/2019,7:01:07,102.338852,14.425142,6400.8,21000,405
788,WE44/THD044,7/10/2019,7:01:16,102.34613,14.440132,6400.8,21000,407
789,WE44/THD044,7/10/2019,7:01:24,102.350655,14.454982,6400.8,21000,407
790,WE44/THD044,7/10/2019,7:01:35,102.354271,14.474114,6400.8,21000,402
791,WE44/THD044,7/10/2019,7:01:41,102.355972,14.484009,6400.8,21000,400
792,WE44/THD044,7/10/2019,7:01:49,102.358719,14.500076,6408.42,21025,398
793,WE44/THD044,7/10/2019,7:01:55,102.360947,14.512848,6408.42,21025,398
794,WE44/THD044,7/10/2019,7:02:04,102.363472,14.527511,6400.8,21000,398
795,WE44/THD044,7/10/2019,7:03:32,102.391083,14.689978,6400.8,21000,402
796,WE44/THD044,7/10/2019,7:04:34,102.410759,14.805954,6400.8,21000,404
797,WE44/THD044,7/10/2019,7:05:37,102.430687,14.923623,6400.8,21000,402
798,WE44/THD044,7/10/2019,7:05:52,102.433342,14.951797,6400.8,21000,403
799,WE44/THD044,7/10/2019,7:05:59,102.431992,14.963287,6400.8,21000,402
800,WE44/THD044,7/10/2019,7:06:07,102.427895,14.978322,6400.8,21000,399
801,WE44/THD044,7/10/2019,7:06:13,102.424164,14.989216,6400.8,21000,398
802,WE44/THD044,7/10/2019,7:06:19,102.420143,15.000366,6400.8,21000,397
803,WE44/THD044,7/10/2019,7:06:25,102.416046,15.01149,6400.8,21000,398
804,WE44/THD044,7/10/2019,7:07:29,102.376289,15.120621,6400.8,21000,400
805,WE44/THD044,7/10/2019,7:08:32,102.336472,15.229518,6400.8,21000,399
806,WE44/THD044,7/10/2019,7:09:10,102.313316,15.30037,6400.8,21000,399
807,WE44/THD044,7/10/2019,7:09:17,102.312881,15.310799,6400.8,21000,400
808,WE44/THD044,7/10/2019,7:09:37,102.321358,15.348312,6400.8,21000,403
809,WE44/THD044,7/10/2019,7:09:43,102.325531,15.358793,6400.8,21000,403
810,WE44/THD044,7/10/2019,7:09:56,102.334602,15.380301,6400.8,21000,403
811,WE44/THD044,7/10/2019,7:11:21,102.39753,15.529548,5669.28,18600,396
812,WE44/THD044,7/10/2019,7:11:46,102.414406,15.569733,5417.82,17775,390
813,WE44/THD044,7/10/2019,7:12:44,102.457268,15.665433,4838.7,15875,376
814,WE44/THD044,7/10/2019,7:13:18,102.481819,15.717636,4511.04,14800,363
815,WE44/THD044,7/10/2019,7:13:50,102.504745,15.767336,4168.14,13675,357
816,WE44/THD044,7/10/2019,7:14:24,102.528656,15.819168,3832.86,12575,348
817,WE44/THD044,7/10/2019,7:14:57,102.550552,15.866492,3482.34,11425,342
818,WE44/THD044,7/10/2019,7:15:09,102.558815,15.884491,3360.42,11025,340
819,WE44/THD044,7/10/2019,7:15:20,102.566002,15.900057,3230.88,10600,340
820,WE44/THD044,7/10/2019,7:15:33,102.574684,15.919469,3101.34,10175,339
821,WE44/THD044,7/10/2019,7:15:45,102.580818,15.936367,2971.8,9750,337
822,WE44/THD044,7/10/2019,7:15:57,102.588066,15.955078,2849.88,9350,335
823,WE44/THD044,7/10/2019,7:16:09,102.594254,15.971281,2750.82,9025,330
824,WE44/THD044,7/10/2019,7:16:21,102.600693,15.989182,2621.28,8600,329
825,WE44/THD044,7/10/2019,7:16:33,102.606766,16.00621,2491.74,8175,327
826,WE44/THD044,7/10/2019,7:16:45,102.61322,16.024292,2362.2,7750,325
827,WE44/THD044,7/10/2019,7:16:57,102.619072,16.040831,2240.28,7350,323
828,WE44/THD044,7/10/2019,7:17:11,102.625557,16.058945,2103.12,6900,322
829,WE44/THD044,7/10/2019,7:17:23,102.631241,16.075104,1996.44,6550,322
830,WE44/THD044,7/10/2019,7:17:34,102.637268,16.092133,1889.76,6200,316
831,WE44/THD044,7/10/2019,7:17:46,102.642715,16.108377,1767.84,5800,315
832,WE44/THD044,7/10/2019,7:17:58,102.647964,16.125462,1653.54,5425,314
833,WE44/THD044,7/10/2019,7:18:11,102.652687,16.142258,1524,5000,310
834,WE44/THD044,7/10/2019,7:18:22,102.657181,16.160143,1402.08,4600,310
835,WE44/THD044,7/10/2019,7:18:28,102.658165,16.167267,1348.74,4425,309
836,WE44/THD044,7/10/2019,7:19:42,102.662704,16.266495,1066.8,3500,254
837,WE44/THD044,7/10/2019,7:19:48,102.663048,16.274185,1066.8,3500,240
838,WE44/THD044,7/10/2019,7:19:54,102.663429,16.280914,1066.8,3500,231
839,WE44/THD044,7/10/2019,7:20:01,102.664536,16.28793,1066.8,3500,221
840,WE44/THD044,7/10/2019,7:20:10,102.667908,16.295609,1066.8,3500,212
841,WE44/THD044,7/10/2019,7:20:17,102.671814,16.301468,1066.8,3500,205
842,WE44/THD044,7/10/2019,7:20:26,102.676895,16.308693,1066.8,3500,197
843,WE44/THD044,7/10/2019,7:20:32,102.679718,16.312729,1066.8,3500,194
844,WE44/THD044,7/10/2019,7:20:41,102.684586,16.319687,1074.42,3525,184
845,WE44/THD044,7/10/2019,7:20:47,102.687836,16.324381,1066.8,3500,178
846,WE44/THD044,7/10/2019,7:20:54,102.690239,16.327871,1059.18,3475,174
847,WE44/THD044,7/10/2019,7:21:00,102.693306,16.332275,1043.94,3425,172
848,WE44/THD044,7/10/2019,7:21:06,102.69603,16.33625,1028.7,3375,170
849,WE44/THD044,7/10/2019,7:21:12,102.698967,16.34058,1013.46,3325,168
850,WE44/THD044,7/10/2019,7:21:19,102.701569,16.344444,982.98,3225,169
851,WE44/THD044,7/10/2019,7:21:25,102.704559,16.348774,960.12,3150,169
852,WE44/THD044,7/10/2019,7:21:36,102.709908,16.356733,906.78,2975,169
853,WE44/THD044,7/10/2019,7:21:43,102.712578,16.360657,876.3,2875,168
854,WE44/THD044,7/10/2019,7:21:49,102.715401,16.364882,845.82,2775,168
855,WE44/THD044,7/10/2019,7:21:55,102.718216,16.369034,822.96,2700,166
856,WE44/THD044,7/10/2019,7:22:08,102.723564,16.376999,762,2500,164
857,WE44/THD044,7/10/2019,7:22:14,102.726334,16.381126,739.14,2425,163
858,WE44/THD044,7/10/2019,7:22:20,102.72879,16.384806,708.66,2325,163
859,WE44/THD044,7/10/2019,7:22:26,102.731682,16.389133,685.8,2250,162
860,WE44/THD044,7/10/2019,7:22:33,102.73407,16.392746,655.32,2150,158
861,WE44/THD044,7/10/2019,7:22:39,102.736626,16.396545,632.46,2075,157
862,WE44/THD044,7/10/2019,7:22:45,102.739174,16.400436,609.6,2000,153
863,WE44/THD044,7/10/2019,7:22:51,102.74144,16.403751,586.74,1925,145
864,WE44/THD044,7/10/2019,7:22:58,102.74366,16.407074,556.26,1825,140
865,WE44/THD044,7/10/2019,7:23:05,102.746162,16.410736,525.78,1725,137
866,WE44/THD044,7/10/2019,7:23:16,102.750275,16.416832,480.06,1575,134
867,WE44/THD044,7/10/2019,7:23:23,102.752922,16.42079,457.2,1500,132
868,WE44/THD044,7/10/2019,7:23:30,102.755081,16.424002,434.34,1425,133
869,WE44/THD044,7/10/2019,7:23:42,102.75946,16.430649,388.62,1275,136
870,WE44/THD044,7/10/2019,7:23:48,102.761826,16.434174,373.38,1225,136
871,WE44/THD044,7/10/2019,7:23:55,102.764183,16.437653,342.9,1125,135
872,WE44/THD044,7/10/2019,7:24:01,102.766312,16.440807,320.04,1050,133
873,WE44/THD044,7/10/2019,7:24:07,102.768318,16.443832,297.18,975,133
874,WE44/THD044,7/10/2019,7:24:20,102.772812,16.450424,259.08,850,134
875,WE44/THD044,7/10/2019,7:24:26,102.775024,16.453766,236.22,775,132
876,-,-,-,-,-,-,-,-
877,WE44/THD044,11/10/2019,6:41:26,100.756927,13.691483,0,0,17
878,WE44/THD044,11/10/2019,6:41:36,100.757195,13.691409,0,0,14
879,WE44/THD044,11/10/2019,6:42:12,100.757744,13.691269,0,0,14
880,WE44/THD044,11/10/2019,6:47:30,100.760551,13.689884,0,0,19
881,WE44/THD044,11/10/2019,6:47:37,100.760468,13.689548,0,0,29
882,WE44/THD044,11/10/2019,6:47:54,100.759476,13.685772,0,0,82
883,WE44/THD044,11/10/2019,6:48:37,100.752052,13.657402,373.38,1225,165
884,WE44/THD044,11/10/2019,6:48:47,100.750076,13.649918,525.78,1725,161
885,WE44/THD044,11/10/2019,6:48:59,100.747856,13.641575,662.94,2175,160
886,WE44/THD044,11/10/2019,6:49:07,100.746216,13.635476,754.38,2475,162
887,WE44/THD044,11/10/2019,6:49:19,100.743919,13.626251,861.06,2825,166
888,WE44/THD044,11/10/2019,6:49:29,100.742126,13.618904,944.88,3100,171
889,WE44/THD044,11/10/2019,6:49:40,100.739944,13.610229,1036.32,3400,177
890,WE44/THD044,11/10/2019,6:49:50,100.737907,13.602402,1097.28,3600,189
891,WE44/THD044,11/10/2019,6:50:02,100.735062,13.591095,1173.48,3850,205
892,WE44/THD044,11/10/2019,6:50:11,100.735329,13.58101,1219.2,4000,218
893,WE44/THD044,11/10/2019,6:50:17,100.737099,13.575989,1249.68,4100,226
894,WE44/THD044,11/10/2019,6:50:28,100.744011,13.565598,1356.36,4450,241
895,WE44/THD044,11/10/2019,6:50:39,100.751663,13.55657,1455.42,4775,255
896,WE44/THD044,11/10/2019,6:50:54,100.765892,13.541885,1562.1,5125,272
897,WE44/THD044,11/10/2019,6:51:04,100.774933,13.532959,1623.06,5325,277
898,WE44/THD044,11/10/2019,6:51:21,100.792267,13.518631,1706.88,5600,305
899,WE44/THD044,11/10/2019,6:51:29,100.804329,13.51337,1744.98,5725,319
900,WE44/THD044,11/10/2019,6:51:35,100.811897,13.5116,1767.84,5800,328
901,WE44/THD044,11/10/2019,6:51:41,100.822258,13.51081,1790.7,5875,334
902,WE44/THD044,11/10/2019,6:51:50,100.836662,13.511368,1844.04,6050,340
903,WE44/THD044,11/10/2019,6:51:56,100.846489,13.511948,1866.9,6125,347
904,WE44/THD044,11/10/2019,6:52:07,100.864609,13.51323,1866.9,6125,355
905,WE44/THD044,11/10/2019,6:52:16,100.880417,13.514487,1874.52,6150,356
906,WE44/THD044,11/10/2019,6:52:32,100.907784,13.516628,1874.52,6150,358
907,WE44/THD044,11/10/2019,6:52:39,100.920029,13.517578,1874.52,6150,359
908,WE44/THD044,11/10/2019,6:53:18,100.985992,13.522029,2103.12,6900,354
909,WE44/THD044,11/10/2019,6:53:31,101.005119,13.523192,2346.96,7700,351
910,WE44/THD044,11/10/2019,6:53:41,101.024689,13.525131,2545.08,8350,352
911,WE44/THD044,11/10/2019,6:53:48,101.034721,13.52774,2644.14,8675,354
912,WE44/THD044,11/10/2019,6:53:54,101.044243,13.531769,2743.2,9000,353
913,WE44/THD044,11/10/2019,6:54:00,101.052528,13.536621,2849.88,9350,352
914,WE44/THD044,11/10/2019,6:54:09,101.064339,13.546701,2987.04,9800,352
915,WE44/THD044,11/10/2019,6:54:15,101.069885,13.553219,3070.86,10075,352
916,WE44/THD044,11/10/2019,6:54:21,101.075661,13.562063,3154.68,10350,353
917,WE44/THD044,11/10/2019,6:54:27,101.080917,13.571607,3238.5,10625,355
918,WE44/THD044,11/10/2019,6:54:33,101.085678,13.580429,3314.7,10875,357
919,WE44/THD044,11/10/2019,6:54:39,101.090172,13.588645,3398.52,11150,357
920,WE44/THD044,11/10/2019,6:54:54,101.105186,13.610092,3619.5,11875,359
921,WE44/THD044,11/10/2019,6:55:00,101.111206,13.616501,3703.32,12150,360
922,WE44/THD044,11/10/2019,6:55:06,101.118355,13.623276,3787.14,12425,361
923,WE44/THD044,11/10/2019,6:55:13,101.126259,13.630774,3863.34,12675,362
924,WE44/THD044,11/10/2019,6:55:19,101.134689,13.638735,3939.54,12925,364
925,WE44/THD044,11/10/2019,6:55:49,101.169769,13.675465,4267.2,14000,375
926,WE44/THD044,11/10/2019,6:55:57,101.178978,13.68957,4381.5,14375,376
927,WE44/THD044,11/10/2019,6:56:04,101.184273,13.698715,4450.08,14600,377
928,WE44/THD044,11/10/2019,6:56:12,101.191376,13.711395,4541.52,14900,379
929,WE44/THD044,11/10/2019,6:56:42,101.218437,13.759538,4884.42,16025,386
930,WE44/THD044,11/10/2019,6:57:15,101.247643,13.81163,5242.56,17200,391
931,WE44/THD044,11/10/2019,6:57:49,101.277466,13.86525,5562.6,18250,399
932,WE44/THD044,11/10/2019,6:58:52,101.337463,13.96962,6149.34,20175,411
933,WE44/THD044,11/10/2019,6:59:55,101.401581,14.073029,6400.8,21000,408
934,WE44/THD044,11/10/2019,7:00:58,101.463997,14.172455,6400.8,21000,392
935,WE44/THD044,11/10/2019,7:01:31,101.49279,14.223862,6400.8,21000,376
936,WE44/THD044,11/10/2019,7:01:38,101.496422,14.234696,6400.8,21000,369
937,WE44/THD044,11/10/2019,7:01:46,101.50103,14.248856,6408.42,21025,360
938,WE44/THD044,11/10/2019,7:02:01,101.512108,14.271057,6400.8,21000,352
939,WE44/THD044,11/10/2019,7:02:07,101.518059,14.279713,6400.8,21000,349
940,WE44/THD044,11/10/2019,7:02:13,101.523048,14.286163,6400.8,21000,346
941,WE44/THD044,11/10/2019,7:02:19,101.530106,14.294174,6400.8,21000,344
942,WE44/THD044,11/10/2019,7:02:25,101.536972,14.300995,6400.8,21000,342
943,WE44/THD044,11/10/2019,7:02:32,101.544449,14.307724,6400.8,21000,344
944,WE44/THD044,11/10/2019,7:02:38,101.551315,14.313629,6400.8,21000,344
945,WE44/THD044,11/10/2019,7:02:44,101.558044,14.319397,6408.42,21025,347
946,WE44/THD044,11/10/2019,7:03:46,101.647446,14.395569,6400.8,21000,415
947,WE44/THD044,11/10/2019,7:04:50,101.741592,14.476135,6758.94,22175,420
948,WE44/THD044,11/10/2019,7:05:53,101.836082,14.555442,7360.92,24150,418
949,WE44/THD044,11/10/2019,7:06:53,101.923103,14.635232,7627.62,25025,409
950,WE44/THD044,11/10/2019,7:07:00,101.929848,14.645473,7627.62,25025,411
951,WE44/THD044,11/10/2019,7:07:08,101.937317,14.660277,7620,25000,413
952,WE44/THD044,11/10/2019,7:07:14,101.941994,14.670868,7620,25000,414
953,WE44/THD044,11/10/2019,7:07:20,101.946617,14.681552,7620,25000,415
954,WE44/THD044,11/10/2019,7:07:26,101.95047,14.690414,7620,25000,415
955,WE44/THD044,11/10/2019,7:08:35,102.00531,14.815613,7620,25000,418
956,WE44/THD044,11/10/2019,7:09:35,102.052544,14.922274,7627.62,25025,420
957,WE44/THD044,11/10/2019,7:10:32,102.097763,15.023943,7627.62,25025,419
958,WE44/THD044,11/10/2019,7:12:02,102.169762,15.185387,7604.76,24950,416
959,WE44/THD044,11/10/2019,7:13:06,102.219833,15.297684,6781.8,22250,420
960,WE44/THD044,11/10/2019,7:13:28,102.237007,15.336402,6515.1,21375,413
961,WE44/THD044,11/10/2019,7:14:57,102.306618,15.492142,5356.86,17575,399
962,WE44/THD044,11/10/2019,7:15:29,102.330978,15.546772,4968.24,16300,392
963,WE44/THD044,11/10/2019,7:16:03,102.356041,15.603147,4594.86,15075,386
964,WE44/THD044,11/10/2019,7:16:38,102.380775,15.657944,4198.62,13775,375
965,WE44/THD044,11/10/2019,7:17:12,102.405151,15.712051,3817.62,12525,366
966,WE44/THD044,11/10/2019,7:17:45,102.428284,15.763705,3444.24,11300,358
967,WE44/THD044,11/10/2019,7:17:58,102.436134,15.781255,3375.66,11075,352
968,WE44/THD044,11/10/2019,7:18:09,102.444321,15.799458,3329.94,10925,341
969,WE44/THD044,11/10/2019,7:18:20,102.451508,15.815826,3276.6,10750,332
970,WE44/THD044,11/10/2019,7:18:32,102.458206,15.833496,3230.88,10600,323
971,WE44/THD044,11/10/2019,7:18:44,102.463799,15.849747,3177.54,10425,315
972,WE44/THD044,11/10/2019,7:18:58,102.469826,15.867098,3101.34,10175,310
973,WE44/THD044,11/10/2019,7:19:10,102.475273,15.883531,3002.28,9850,307
974,WE44/THD044,11/10/2019,7:19:22,102.47998,15.900057,2903.22,9525,307
975,WE44/THD044,11/10/2019,7:19:33,102.484421,15.916855,2811.78,9225,304
976,WE44/THD044,11/10/2019,7:19:45,102.488464,15.933243,2727.96,8950,301
977,WE44/THD044,11/10/2019,7:19:57,102.492325,15.94899,2628.9,8625,300
978,WE44/THD044,11/10/2019,7:20:10,102.496849,15.966339,2499.36,8200,301
979,WE44/THD044,11/10/2019,7:20:22,102.501366,15.982175,2415.54,7925,299
980,WE44/THD044,11/10/2019,7:20:33,102.506973,15.998108,2331.72,7650,297
981,WE44/THD044,11/10/2019,7:20:46,102.512947,16.012939,2240.28,7350,294
982,WE44/THD044,11/10/2019,7:20:57,102.519836,16.028366,2194.56,7200,289
983,WE44/THD044,11/10/2019,7:21:09,102.527016,16.041668,2141.22,7025,282
984,WE44/THD044,11/10/2019,7:21:22,102.535202,16.055773,2049.78,6725,280
985,WE44/THD044,11/10/2019,7:21:33,102.543198,16.069321,1965.96,6450,278
986,WE44/THD044,11/10/2019,7:21:45,102.551239,16.083332,1874.52,6150,277
987,WE44/THD044,11/10/2019,7:21:58,102.558647,16.096506,1775.46,5825,277
988,WE44/THD044,11/10/2019,7:22:10,102.566574,16.110809,1684.02,5525,276
989,WE44/THD044,11/10/2019,7:22:20,102.572983,16.122574,1600.2,5250,276
990,WE44/THD044,11/10/2019,7:22:34,102.581451,16.13817,1508.76,4950,273
991,WE44/THD044,11/10/2019,7:22:40,102.584541,16.143805,1470.66,4825,273
992,WE44/THD044,11/10/2019,7:22:46,102.588318,16.15074,1424.94,4675,272
993,WE44/THD044,11/10/2019,7:22:57,102.595627,16.164101,1348.74,4425,270
994,WE44/THD044,11/10/2019,7:23:04,102.598915,16.170059,1310.64,4300,270
995,WE44/THD044,11/10/2019,7:23:10,102.602692,16.176949,1257.3,4125,270
996,WE44/THD044,11/10/2019,7:23:20,102.609604,16.189472,1158.24,3800,271
997,WE44/THD044,11/10/2019,7:23:50,102.627678,16.222412,1074.42,3525,274
998,WE44/THD044,11/10/2019,7:23:57,102.631874,16.230158,1074.42,3525,267
999,WE44/THD044,11/10/2019,7:24:06,102.637512,16.240353,1074.42,3525,256
1000,WE44/THD044,11/10/2019,7:24:17,102.643867,16.251709,1082.04,3550,244
1001,WE44/THD044,11/10/2019,7:24:28,102.649429,16.261581,1082.04,3550,232
1002,WE44/THD044,11/10/2019,7:24:38,102.654419,16.270432,1089.66,3575,223
1003,WE44/THD044,11/10/2019,7:24:44,102.657379,16.275686,1082.04,3550,230
1004,WE44/THD044,11/10/2019,7:24:54,102.663528,16.286591,1074.42,3525,229
1005,WE44/THD044,11/10/2019,7:25:05,102.669151,16.295658,1059.18,3475,225
1006,WE44/THD044,11/10/2019,7:25:15,102.675621,16.30513,1021.08,3350,219
1007,WE44/THD044,11/10/2019,7:25:26,102.681305,16.313461,975.36,3200,218
1008,WE44/THD044,11/10/2019,7:25:36,102.687538,16.322659,960.12,3150,214
1009,WE44/THD044,11/10/2019,7:25:52,102.695953,16.335205,960.12,3150,200
1010,WE44/THD044,11/10/2019,7:25:58,102.698776,16.339417,967.74,3175,193
1011,WE44/THD044,11/10/2019,7:26:09,102.704102,16.347427,960.12,3150,183
1012,WE44/THD044,11/10/2019,7:26:18,102.70858,16.354219,929.64,3050,178
1013,WE44/THD044,11/10/2019,7:26:29,102.713348,16.361526,891.54,2925,175
1014,WE44/THD044,11/10/2019,7:26:39,102.717659,16.368139,838.2,2750,174
1015,WE44/THD044,11/10/2019,7:26:48,102.722168,16.374985,800.1,2625,169
1016,WE44/THD044,11/10/2019,7:26:59,102.7267,16.381897,754.38,2475,165
1017,WE44/THD044,11/10/2019,7:27:09,102.730598,16.387756,716.28,2350,155
1018,WE44/THD044,11/10/2019,7:27:19,102.734917,16.394209,662.94,2175,147
1019,WE44/THD044,11/10/2019,7:27:30,102.738647,16.399612,617.22,2025,144
1020,WE44/THD044,11/10/2019,7:27:40,102.742836,16.405701,579.12,1900,146
1021,WE44/THD044,11/10/2019,7:27:50,102.746552,16.41124,541.02,1775,143
1022,WE44/THD044,11/10/2019,7:28:00,102.75042,16.417112,502.92,1650,139
1023,WE44/THD044,11/10/2019,7:28:11,102.754486,16.423117,457.2,1500,139
1024,WE44/THD044,11/10/2019,7:28:21,102.758118,16.428425,426.72,1400,139
1025,WE44/THD044,11/10/2019,7:28:32,102.761948,16.434151,381,1250,140
1026,WE44/THD044,11/10/2019,7:28:49,102.768188,16.443375,320.04,1050,139
1027,-,-,-,-,-,-,-,-
1028,WE44/THD044,12/10/2019,6:33:06,100.757378,13.698006,0,0,14
1029,WE44/THD044,12/10/2019,6:36:34,100.75769,13.697659,0,0,25
1030,WE44/THD044,12/10/2019,6:36:44,100.757545,13.697079,0,0,31
1031,WE44/THD044,12/10/2019,6:36:51,100.757431,13.69667,0,0,32
1032,WE44/THD044,12/10/2019,6:36:59,100.757286,13.696129,0,0,33
1033,WE44/THD044,12/10/2019,6:37:45,100.756531,13.693259,0,0,26
1034,WE44/THD044,12/10/2019,6:37:55,100.756424,13.692805,0,0,27
1035,WE44/THD044,12/10/2019,6:38:04,100.756317,13.692398,0,0,20
1036,WE44/THD044,12/10/2019,6:38:32,100.756691,13.69154,0,0,22
1037,WE44/THD044,12/10/2019,6:38:46,100.757027,13.691456,0,0,11
1038,WE44/THD044,12/10/2019,6:40:01,100.757118,13.691437,0,0,0
1039,WE44/THD044,12/10/2019,6:40:46,100.758064,13.691196,0,0,27
1040,WE44/THD044,12/10/2019,6:44:16,100.760651,13.690117,0,0,14
1041,WE44/THD044,12/10/2019,6:44:32,100.760574,13.68988,0,0,9
1042,WE44/THD044,12/10/2019,6:45:22,100.760399,13.689244,0,0,27
1043,WE44/THD044,12/10/2019,6:45:34,100.759415,13.685532,0,0,86
1044,WE44/THD044,12/10/2019,6:46:38,100.747421,13.641202,716.28,2350,159
1045,WE44/THD044,12/10/2019,6:46:44,100.74633,13.6371,769.62,2525,162
1046,WE44/THD044,12/10/2019,6:46:50,100.745247,13.632797,830.58,2725,164
1047,WE44/THD044,12/10/2019,6:47:00,100.74321,13.624741,944.88,3100,165
1048,WE44/THD044,12/10/2019,6:47:07,100.742271,13.620952,1005.84,3300,166
1049,WE44/THD044,12/10/2019,6:47:28,100.73774,13.60247,1135.38,3725,192
1050,WE44/THD044,12/10/2019,6:47:34,100.736717,13.598328,1173.48,3850,199
1051,WE44/THD044,12/10/2019,6:47:44,100.734871,13.587616,1234.44,4050,212
1052,WE44/THD044,12/10/2019,6:47:51,100.735344,13.581665,1249.68,4100,222
1053,WE44/THD044,12/10/2019,6:48:00,100.73999,13.572418,1318.26,4325,238
1054,WE44/THD044,12/10/2019,6:48:07,100.744675,13.566672,1371.6,4500,248
1055,WE44/THD044,12/10/2019,6:48:21,100.756386,13.554522,1501.14,4925,271
1056,WE44/THD044,12/10/2019,6:48:27,100.763664,13.547333,1569.72,5150,282
1057,WE44/THD044,12/10/2019,6:48:37,100.774071,13.537111,1661.16,5450,297
1058,WE44/THD044,12/10/2019,6:48:54,100.79084,13.522541,1752.6,5750,319
1059,WE44/THD044,12/10/2019,6:49:05,100.807846,13.51506,1874.52,6150,331
1060,WE44/THD044,12/10/2019,6:49:16,100.825089,13.513321,2057.4,6750,334
1061,WE44/THD044,12/10/2019,6:49:27,100.843269,13.514603,2202.18,7225,330
1062,WE44/THD044,12/10/2019,6:49:38,100.85984,13.51593,2316.48,7600,330
1063,WE44/THD044,12/10/2019,6:49:48,100.87603,13.51714,2377.44,7800,329
1064,WE44/THD044,12/10/2019,6:50:00,100.89299,13.518265,2430.78,7975,331
1065,WE44/THD044,12/10/2019,6:50:11,100.910439,13.519328,2476.5,8125,335
1066,WE44/THD044,12/10/2019,6:50:33,100.946236,13.521377,2484.12,8150,336
1067,WE44/THD044,12/10/2019,6:50:48,100.97084,13.522659,2537.46,8325,337
1068,WE44/THD044,12/10/2019,6:50:58,100.987968,13.523519,2628.9,8625,341
1069,WE44/THD044,12/10/2019,6:51:14,101.012299,13.524821,2819.4,9250,342
1070,WE44/THD044,12/10/2019,6:51:28,101.035439,13.528564,3017.52,9900,346
1071,WE44/THD044,12/10/2019,6:51:38,101.050804,13.535854,3185.16,10450,350
1072,WE44/THD044,12/10/2019,6:51:44,101.058212,13.54129,3268.98,10725,348
1073,WE44/THD044,12/10/2019,6:51:54,101.070122,13.551636,3413.76,11200,349
1074,WE44/THD044,12/10/2019,6:52:00,101.07653,13.557827,3474.72,11400,351
1075,WE44/THD044,12/10/2019,6:52:09,101.088768,13.570024,3589.02,11775,355
1076,WE44/THD044,12/10/2019,6:52:20,101.100403,13.581161,3726.18,12225,357
1077,WE44/THD044,12/10/2019,6:52:56,101.148857,13.623326,4206.24,13800,362
1078,WE44/THD044,12/10/2019,6:53:03,101.158798,13.627945,4312.92,14150,360
1079,WE44/THD044,12/10/2019,6:53:09,101.167557,13.630783,4389.12,14400,357
1080,WE44/THD044,12/10/2019,6:53:15,101.177834,13.63266,4450.08,14600,351
1081,WE44/THD044,12/10/2019,6:53:21,101.188469,13.633428,4533.9,14875,349
1082,WE44/THD044,12/10/2019,6:53:27,101.198433,13.63353,4640.58,15225,347
1083,WE44/THD044,12/10/2019,6:53:34,101.20755,13.633521,4739.64,15550,344
1084,WE44/THD044,12/10/2019,6:53:43,101.222015,13.633347,4861.56,15950,336
1085,WE44/THD044,12/10/2019,6:54:15,101.274429,13.632217,4884.42,16025,321
1086,WE44/THD044,12/10/2019,6:54:33,101.301796,13.628913,4876.8,16000,319
1087,WE44/THD044,12/10/2019,6:54:39,101.311241,13.626585,4876.8,16000,319
1088,WE44/THD044,12/10/2019,6:54:46,101.31881,13.62449,4876.8,16000,318
1089,WE44/THD044,12/10/2019,6:55:29,101.382355,13.606201,4953,16250,325
1090,WE44/THD044,12/10/2019,6:56:01,101.429489,13.592649,5052.06,16575,326
1091,WE44/THD044,12/10/2019,6:56:33,101.480133,13.578077,5181.6,17000,347
1092,WE44/THD044,12/10/2019,6:57:08,101.534035,13.562439,5417.82,17775,354
1093,WE44/THD044,12/10/2019,6:57:40,101.588844,13.546003,5646.42,18525,369
1094,WE44/THD044,12/10/2019,6:58:43,101.696747,13.514008,5958.84,19550,393
1095,WE44/THD044,12/10/2019,6:59:43,101.8078,13.482692,6385.56,20950,400
1096,WE44/THD044,12/10/2019,7:00:47,101.923386,13.450928,6880.86,22575,404
1097,WE44/THD044,12/10/2019,7:01:05,101.956863,13.445435,6987.54,22925,401
1098,WE44/THD044,12/10/2019,7:01:11,101.967339,13.445869,7002.78,22975,397
1099,WE44/THD044,12/10/2019,7:01:17,101.980118,13.447952,7010.4,23000,390
1100,WE44/THD044,12/10/2019,7:01:23,101.990616,13.450943,7018.02,23025,386
1101,WE44/THD044,12/10/2019,7:01:32,102.004883,13.455917,7018.02,23025,379
1102,WE44/THD044,12/10/2019,7:01:42,102.021118,13.461976,7018.02,23025,372
1103,WE44/THD044,12/10/2019,7:02:40,102.115128,13.489628,7010.4,23000,333
1104,WE44/THD044,12/10/2019,7:03:32,102.192993,13.508761,7010.4,23000,332
1105,WE44/THD044,12/10/2019,7:04:07,102.246918,13.524673,7010.4,23000,332
1106,WE44/THD044,12/10/2019,7:05:33,102.361748,13.593338,7010.4,23000,328
1107,WE44/THD044,12/10/2019,7:06:37,102.448524,13.644926,7010.4,23000,351
1108,WE44/THD044,12/10/2019,7:07:38,102.539612,13.698853,7010.4,23000,375
1109,WE44/THD044,12/10/2019,7:08:42,102.63868,13.75676,7010.4,23000,378
1110,WE44/THD044,12/10/2019,7:09:34,102.716003,13.805113,7010.4,23000,376
1111,WE44/THD044,12/10/2019,7:09:44,102.729271,13.819244,7010.4,23000,377
1112,WE44/THD044,12/10/2019,7:10:49,102.800255,13.909561,7010.4,23000,379
1113,WE44/THD044,12/10/2019,7:11:54,102.870155,13.998688,7010.4,23000,376
1114,WE44/THD044,12/10/2019,7:12:54,102.936592,14.082797,7010.4,23000,379
1115,WE44/THD044,12/10/2019,7:13:58,103.006157,14.170624,7010.4,23000,376
1116,WE44/THD044,12/10/2019,7:14:58,103.073067,14.254623,7010.4,23000,377
1117,WE44/THD044,12/10/2019,7:16:01,103.142014,14.341873,7010.4,23000,378
1118,WE44/THD044,12/10/2019,7:17:02,103.207794,14.426697,7010.4,23000,372
1119,WE44/THD044,12/10/2019,7:17:10,103.214233,14.438736,7010.4,23000,373
1120,WE44/THD044,12/10/2019,7:17:16,103.218445,14.449585,6995.16,22950,377
1121,WE44/THD044,12/10/2019,7:17:22,103.222092,14.460568,6979.92,22900,376
1122,WE44/THD044,12/10/2019,7:17:28,103.224792,14.469274,6949.44,22800,375
1123,WE44/THD044,12/10/2019,7:17:35,103.227966,14.47998,6918.96,22700,374
1124,WE44/THD044,12/10/2019,7:18:44,103.260689,14.595849,6591.3,21625,371
1125,WE44/THD044,12/10/2019,7:19:45,103.283096,14.696774,6301.74,20675,363
1126,WE44/THD044,12/10/2019,7:20:28,103.294128,14.766556,6088.38,19975,361
1127,WE44/THD044,12/10/2019,7:20:36,103.291138,14.78215,6042.66,19825,362
1128,WE44/THD044,12/10/2019,7:20:42,103.2882,14.790527,6012.18,19725,365
1129,WE44/THD044,12/10/2019,7:20:48,103.283913,14.801004,5989.32,19650,367
1130,WE44/THD044,12/10/2019,7:20:55,103.279823,14.810781,5958.84,19550,367
1131,WE44/THD044,12/10/2019,7:21:03,103.27346,14.825911,5913.12,19400,366
1132,WE44/THD044,12/10/2019,7:22:07,103.235336,14.924182,5623.56,18450,355
1133,WE44/THD044,12/10/2019,7:23:08,103.198654,15.016029,5356.86,17575,353
1134,WE44/THD044,12/10/2019,7:23:40,103.176773,15.066818,5204.46,17075,352
1135,WE44/THD044,12/10/2019,7:24:14,103.15554,15.117606,5059.68,16600,350
1136,WE44/THD044,12/10/2019,7:24:43,103.137383,15.161224,4937.76,16200,349
1137,WE44/THD044,12/10/2019,7:25:16,103.116402,15.211269,4846.32,15900,347
1138,WE44/THD044,12/10/2019,7:25:49,103.095062,15.262105,4762.5,15625,347
1139,WE44/THD044,12/10/2019,7:26:24,103.074356,15.311417,4678.68,15350,351
1140,WE44/THD044,12/10/2019,7:26:54,103.055046,15.357444,4594.86,15075,348
1141,WE44/THD044,12/10/2019,7:27:27,103.033806,15.408278,4427.22,14525,345
1142,WE44/THD044,12/10/2019,7:28:00,103.014076,15.45575,4114.8,13500,342
1143,WE44/THD044,12/10/2019,7:28:34,102.9935,15.50473,3848.1,12625,334
1144,WE44/THD044,12/10/2019,7:29:06,102.974518,15.55014,3581.4,11750,309
1145,WE44/THD044,12/10/2019,7:29:19,102.967773,15.566391,3474.72,11400,306
1146,WE44/THD044,12/10/2019,7:29:31,102.961266,15.582011,3345.18,10975,300
1147,WE44/THD044,12/10/2019,7:29:43,102.954613,15.598022,3192.78,10475,299
1148,WE44/THD044,12/10/2019,7:29:55,102.948372,15.613807,3025.14,9925,298
1149,WE44/THD044,12/10/2019,7:30:07,102.942581,15.629495,2880.36,9450,297
1150,WE44/THD044,12/10/2019,7:30:20,102.936989,15.644997,2735.58,8975,293
1151,WE44/THD044,12/10/2019,7:30:32,102.930954,15.661194,2598.42,8525,295
1152,WE44/THD044,12/10/2019,7:30:43,102.926575,15.676392,2514.6,8250,292
1153,WE44/THD044,12/10/2019,7:30:53,102.923828,15.689072,2453.64,8050,290
1154,WE44/THD044,12/10/2019,7:31:09,102.920311,15.708618,2354.58,7725,287
1155,WE44/THD044,12/10/2019,7:31:20,102.915871,15.724457,2308.86,7575,282
1156,WE44/THD044,12/10/2019,7:31:29,102.911972,15.735077,2286,7500,283
1157,WE44/THD044,12/10/2019,7:31:35,102.90889,15.743082,2278.38,7475,287
1158,WE44/THD044,12/10/2019,7:31:48,102.902115,15.758724,2247.9,7375,290
1159,WE44/THD044,12/10/2019,7:31:59,102.894958,15.772751,2217.42,7275,290
1160,WE44/THD044,12/10/2019,7:32:11,102.887398,15.787491,2194.56,7200,289
1161,WE44/THD044,12/10/2019,7:32:23,102.880341,15.801552,2179.32,7150,290
1162,WE44/THD044,12/10/2019,7:32:35,102.871613,15.816915,2179.32,7150,290
1163,WE44/THD044,12/10/2019,7:32:48,102.864349,15.830554,2179.32,7150,289
1164,WE44/THD044,12/10/2019,7:33:00,102.857483,15.846615,2179.32,7150,288
1165,WE44/THD044,12/10/2019,7:33:12,102.850716,15.860766,2171.7,7125,289
1166,WE44/THD044,12/10/2019,7:33:24,102.843117,15.875338,2179.32,7150,279
1167,WE44/THD044,12/10/2019,7:33:36,102.835938,15.888519,2179.32,7150,270
1168,WE44/THD044,12/10/2019,7:33:48,102.8283,15.902337,2179.32,7150,265
1169,WE44/THD044,12/10/2019,7:34:01,102.821533,15.914488,2179.32,7150,265
1170,WE44/THD044,12/10/2019,7:34:12,102.814476,15.928174,2171.7,7125,265
1171,WE44/THD044,12/10/2019,7:34:24,102.809143,15.941757,2179.32,7150,267
1172,WE44/THD044,12/10/2019,7:34:33,102.805382,15.952881,2171.7,7125,268
1173,WE44/THD044,12/10/2019,7:34:46,102.801239,15.96666,2171.7,7125,266
1174,WE44/THD044,12/10/2019,7:34:57,102.79705,15.981262,2118.36,6950,261
1175,WE44/THD044,12/10/2019,7:35:10,102.793236,15.99493,2004.06,6575,257
1176,WE44/THD044,12/10/2019,7:35:23,102.789459,16.009687,1866.9,6125,260
1177,WE44/THD044,12/10/2019,7:35:34,102.787102,16.023699,1752.6,5750,259
1178,WE44/THD044,12/10/2019,7:35:40,102.786255,16.031067,1699.26,5575,257
1179,WE44/THD044,12/10/2019,7:35:52,102.783653,16.046036,1584.96,5200,254
1180,WE44/THD044,12/10/2019,7:35:59,102.781578,16.051895,1539.24,5050,256
1181,WE44/THD044,12/10/2019,7:36:08,102.776756,16.062105,1478.28,4850,256
1182,WE44/THD044,12/10/2019,7:36:16,102.772049,16.071321,1417.32,4650,256
1183,WE44/THD044,12/10/2019,7:36:24,102.768616,16.078217,1379.22,4525,255
1184,WE44/THD044,12/10/2019,7:36:35,102.761948,16.091898,1303.02,4275,254
1185,WE44/THD044,12/10/2019,7:36:41,102.759369,16.097305,1280.16,4200,255
1186,WE44/THD044,12/10/2019,7:36:53,102.752823,16.110891,1242.06,4075,250
1187,WE44/THD044,12/10/2019,7:37:00,102.74968,16.117363,1242.06,4075,246
1188,WE44/THD044,12/10/2019,7:37:06,102.746986,16.122894,1226.82,4025,243
1189,WE44/THD044,12/10/2019,7:37:18,102.741005,16.135378,1188.72,3900,238
1190,WE44/THD044,12/10/2019,7:37:29,102.735413,16.146923,1165.86,3825,229
1191,WE44/THD044,12/10/2019,7:37:35,102.732765,16.152462,1158.24,3800,225
1192,WE44/THD044,12/10/2019,7:37:41,102.729492,16.158966,1143,3750,220
1193,WE44/THD044,12/10/2019,7:37:47,102.727036,16.16391,1135.38,3725,218
1194,WE44/THD044,12/10/2019,7:37:53,102.724274,16.1695,1127.76,3700,215
1195,WE44/THD044,12/10/2019,7:38:00,102.721436,16.175226,1120.14,3675,212
1196,WE44/THD044,12/10/2019,7:38:06,102.71875,16.180573,1104.9,3625,212
1197,WE44/THD044,12/10/2019,7:40:52,102.695633,16.334993,952.5,3125,198
1198,WE44/THD044,12/10/2019,7:40:59,102.699036,16.340103,967.74,3175,189
1199,WE44/THD044,12/10/2019,7:41:05,102.701424,16.343699,967.74,3175,182
1200,WE44/THD044,12/10/2019,7:41:12,102.704727,16.348938,952.5,3125,175
1201,WE44/THD044,12/10/2019,7:41:18,102.707703,16.353569,937.26,3075,172
1202,WE44/THD044,12/10/2019,7:41:25,102.710655,16.358185,906.78,2975,171
1203,WE44/THD044,12/10/2019,7:41:32,102.713158,16.362122,876.3,2875,171
1204,WE44/THD044,12/10/2019,7:41:38,102.716133,16.36665,853.44,2800,170
1205,WE44/THD044,12/10/2019,7:41:45,102.718941,16.370956,822.96,2700,169
1206,WE44/THD044,12/10/2019,7:41:51,102.721924,16.375443,792.48,2600,169
1207,WE44/THD044,12/10/2019,7:41:57,102.724434,16.379105,762,2500,168
1208,WE44/THD044,12/10/2019,7:42:04,102.727325,16.383453,739.14,2425,168
1209,WE44/THD044,12/10/2019,7:42:10,102.730408,16.38797,708.66,2325,166
1210,WE44/THD044,12/10/2019,7:42:16,102.732857,16.391556,678.18,2225,163
1211,WE44/THD044,12/10/2019,7:42:23,102.735657,16.395605,662.94,2175,158
1212,WE44/THD044,12/10/2019,7:42:35,102.740852,16.403099,601.98,1975,146
1213,WE44/THD044,12/10/2019,7:42:42,102.742935,16.406113,571.5,1875,143
1214,WE44/THD044,12/10/2019,7:42:48,102.745583,16.410095,548.64,1800,140
1215,WE44/THD044,12/10/2019,7:42:55,102.747993,16.413666,525.78,1725,138
1216,WE44/THD044,12/10/2019,7:43:08,102.752769,16.42067,472.44,1550,135
1217,WE44/THD044,12/10/2019,7:43:15,102.755028,16.424049,457.2,1500,135
1218,WE44/THD044,12/10/2019,7:43:21,102.757538,16.427765,434.34,1425,135
1219,WE44/THD044,12/10/2019,7:43:28,102.76004,16.431427,403.86,1325,135
1220,WE44/THD044,12/10/2019,7:43:35,102.762161,16.434631,381,1250,135
1221,WE44/THD044,12/10/2019,7:43:42,102.764694,16.438339,350.52,1150,136
1222,WE44/THD044,12/10/2019,7:43:54,102.769249,16.445114,304.8,1000,140
1223,WE44/THD044,12/10/2019,7:44:00,102.771561,16.448502,281.94,925,139
1224,WE44/THD044,12/10/2019,7:44:06,102.773712,16.451748,259.08,850,139
1225,-,-,-,-,-,-,-,-
1226,WE44/THD044,13/10/2019,6:38:37,100.75663,13.691548,0,0,12
1227,WE44/THD044,13/10/2019,6:38:57,100.757004,13.69146,0,0,12
1228,WE44/THD044,13/10/2019,6:39:22,100.757416,13.691357,0,0,12
1229,WE44/THD044,13/10/2019,6:39:36,100.757637,13.691254,0,0,12
1230,WE44/THD044,13/10/2019,6:40:10,100.757874,13.690704,0,0,12
1231,WE44/THD044,13/10/2019,6:40:46,100.757828,13.690567,0,0,0
1232,WE44/THD044,13/10/2019,6:43:20,100.75988,13.691998,0,0,2
1233,WE44/THD044,13/10/2019,6:44:26,100.760468,13.691816,0,0,21
1234,WE44/THD044,13/10/2019,6:45:53,100.759773,13.686825,0,0,88
1235,WE44/THD044,13/10/2019,6:46:15,100.756042,13.672989,106.68,350,164
1236,WE44/THD044,13/10/2019,6:46:26,100.754074,13.665782,236.22,775,167
1237,WE44/THD044,13/10/2019,6:46:37,100.751732,13.657196,403.86,1325,166
1238,WE44/THD044,13/10/2019,6:46:47,100.749931,13.650284,579.12,1900,162
1239,WE44/THD044,13/10/2019,6:46:53,100.748512,13.644745,662.94,2175,160
1240,WE44/THD044,13/10/2019,6:47:04,100.746361,13.636082,769.62,2525,163
1241,WE44/THD044,13/10/2019,6:47:18,100.744011,13.626617,899.16,2950,166
1242,WE44/THD044,13/10/2019,6:47:28,100.741982,13.618625,1021.08,3350,166
1243,WE44/THD044,13/10/2019,6:47:44,100.738945,13.606567,1127.76,3700,183
1244,WE44/THD044,13/10/2019,6:48:02,100.735062,13.590317,1242.06,4075,211
1245,WE44/THD044,13/10/2019,6:48:08,100.734947,13.584269,1249.68,4100,223
1246,WE44/THD044,13/10/2019,6:48:18,100.738655,13.573702,1303.02,4275,241
1247,WE44/THD044,13/10/2019,6:48:29,100.746193,13.564041,1409.7,4625,251
1248,WE44/THD044,13/10/2019,6:48:39,100.755806,13.55387,1531.62,5025,266
1249,WE44/THD044,13/10/2019,6:48:51,100.764565,13.545364,1684.02,5525,272
1250,WE44/THD044,13/10/2019,6:49:06,100.780334,13.529943,1844.04,6050,294
1251,WE44/THD044,13/10/2019,6:49:21,100.798256,13.516814,1958.34,6425,316
1252,WE44/THD044,13/10/2019,6:49:31,100.813438,13.512206,2026.92,6650,326
1253,WE44/THD044,13/10/2019,6:49:37,100.821533,13.5116,2072.64,6800,328
1254,WE44/THD044,13/10/2019,6:49:43,100.829338,13.511973,2110.74,6925,329
1255,WE44/THD044,13/10/2019,6:49:52,100.846489,13.513412,2186.94,7175,328
1256,WE44/THD044,13/10/2019,6:49:59,100.853622,13.514068,2225.04,7300,329
1257,WE44/THD044,13/10/2019,6:50:13,100.878548,13.516251,2316.48,7600,329
1258,WE44/THD044,13/10/2019,6:50:29,100.903015,13.518025,2491.74,8175,333
1259,WE44/THD044,13/10/2019,6:50:43,100.926819,13.519468,2750.82,9025,333
1260,WE44/THD044,13/10/2019,6:50:58,100.950005,13.520782,2979.42,9775,337
1261,WE44/THD044,13/10/2019,6:51:08,100.966774,13.521698,3131.82,10275,340
1262,WE44/THD044,13/10/2019,6:51:24,100.991096,13.52296,3352.8,11000,343
1263,WE44/THD044,13/10/2019,6:51:39,101.014977,13.524353,3573.78,11725,345
1264,WE44/THD044,13/10/2019,6:51:49,101.031433,13.527289,3726.18,12225,345
1265,WE44/THD044,13/10/2019,6:51:59,101.046135,13.533005,3848.1,12625,347
1266,WE44/THD044,13/10/2019,6:52:09,101.06044,13.54248,3970.02,13025,351
1267,WE44/THD044,13/10/2019,6:52:19,101.0737,13.555069,4107.18,13475,354
1268,WE44/THD044,13/10/2019,6:52:25,101.078697,13.559969,4168.14,13675,354
1269,WE44/THD044,13/10/2019,6:52:34,101.091454,13.572418,4282.44,14050,359
1270,WE44/THD044,13/10/2019,6:53:09,101.133934,13.613617,4693.92,15400,367
1271,WE44/THD044,13/10/2019,6:53:40,101.172226,13.650513,5013.96,16450,376
1272,WE44/THD044,13/10/2019,6:54:15,101.220032,13.693993,5425.44,17800,381
1273,WE44/THD044,13/10/2019,6:54:46,101.259636,13.72928,5753.1,18875,384
1274,WE44/THD044,13/10/2019,6:55:49,101.346275,13.805969,6301.74,20675,392
1275,WE44/THD044,13/10/2019,6:56:49,101.42981,13.878296,6858,22500,394
1276,WE44/THD044,13/10/2019,6:57:51,101.518204,13.957897,7406.64,24300,399
1277,WE44/THD044,13/10/2019,6:58:55,101.604691,14.035355,8039.1,26375,392
1278,WE44/THD044,13/10/2019,6:59:49,101.676781,14.102721,8229.6,27000,392
1279,WE44/THD044,13/10/2019,6:59:58,101.684875,14.116221,8229.6,27000,392
1280,WE44/THD044,13/10/2019,7:00:05,101.690445,14.127777,8229.6,27000,392
1281,WE44/THD044,13/10/2019,7:00:13,101.697548,14.142989,8229.6,27000,392
1282,WE44/THD044,13/10/2019,7:00:22,101.703995,14.156891,8229.6,27000,391
1283,WE44/THD044,13/10/2019,7:01:26,101.754311,14.262861,8229.6,27000,398
1284,WE44/THD044,13/10/2019,7:02:28,101.804138,14.36751,8229.6,27000,397
1285,WE44/THD044,13/10/2019,7:03:29,101.85273,14.469452,8229.6,27000,397
1286,WE44/THD044,13/10/2019,7:04:31,101.902725,14.574016,8229.6,27000,396
1287,WE44/THD044,13/10/2019,7:04:41,101.910507,14.590393,8229.6,27000,397
1288,WE44/THD044,13/10/2019,7:06:11,101.982948,14.741604,8229.6,27000,398
1289,WE44/THD044,13/10/2019,7:07:13,102.030716,14.841366,8229.6,27000,398
1290,WE44/THD044,13/10/2019,7:08:15,102.081589,14.947357,8221.98,26975,399
1291,WE44/THD044,13/10/2019,7:09:15,102.130638,15.049393,8237.22,27025,400
1292,WE44/THD044,13/10/2019,7:10:18,102.181137,15.154709,7734.3,25375,399
1293,WE44/THD044,13/10/2019,7:11:31,102.242249,15.281703,6697.98,21975,406
1294,WE44/THD044,13/10/2019,7:12:32,102.289703,15.384842,5882.64,19300,403
1295,WE44/THD044,13/10/2019,7:13:35,102.325043,15.495098,5128.26,16825,391
1296,WE44/THD044,13/10/2019,7:14:08,102.343529,15.551651,4754.88,15600,383
1297,WE44/THD044,13/10/2019,7:14:41,102.364296,15.606354,4366.26,14325,376
1298,WE44/THD044,13/10/2019,7:15:14,102.38723,15.658403,4175.76,13700,369
1299,WE44/THD044,13/10/2019,7:15:47,102.414505,15.70868,4008.12,13150,360
1300,WE44/THD044,13/10/2019,7:16:20,102.441719,15.758072,3756.66,12325,355
1301,WE44/THD044,13/10/2019,7:16:53,102.466927,15.805252,3413.76,11200,347
1302,WE44/THD044,13/10/2019,7:17:06,102.475311,15.823196,3352.8,11000,339
1303,WE44/THD044,13/10/2019,7:17:17,102.482056,15.839905,3299.46,10825,329
1304,WE44/THD044,13/10/2019,7:17:29,102.48925,15.85774,3154.68,10350,327
1305,WE44/THD044,13/10/2019,7:17:42,102.495674,15.873708,3002.28,9850,330
1306,WE44/THD044,13/10/2019,7:17:54,102.503128,15.892329,2865.12,9400,330
1307,WE44/THD044,13/10/2019,7:18:06,102.509766,15.908707,2804.16,9200,324
1308,WE44/THD044,13/10/2019,7:18:18,102.516754,15.926102,2720.34,8925,316
1309,WE44/THD044,13/10/2019,7:18:30,102.523018,15.94162,2621.28,8600,314
1310,WE44/THD044,13/10/2019,7:18:42,102.529808,15.95834,2522.22,8275,311
1311,WE44/THD044,13/10/2019,7:18:54,102.536125,15.973892,2430.78,7975,309
1312,WE44/THD044,13/10/2019,7:19:06,102.542969,15.990646,2324.1,7625,307
1313,WE44/THD044,13/10/2019,7:19:18,102.548988,16.005545,2209.8,7250,307
1314,WE44/THD044,13/10/2019,7:19:30,102.556046,16.022814,2103.12,6900,307
1315,WE44/THD044,13/10/2019,7:19:43,102.562096,16.037704,1988.82,6525,307
1316,WE44/THD044,13/10/2019,7:19:54,102.568947,16.054609,1920.24,6300,303
1317,WE44/THD044,13/10/2019,7:20:06,102.575012,16.069565,1882.14,6175,295
1318,WE44/THD044,13/10/2019,7:20:18,102.581551,16.085613,1828.8,6000,286
1319,WE44/THD044,13/10/2019,7:20:30,102.58696,16.098816,1783.08,5850,281
1320,WE44/THD044,13/10/2019,7:20:43,102.593224,16.114197,1714.5,5625,276
1321,WE44/THD044,13/10/2019,7:20:54,102.598816,16.128021,1630.68,5350,275
1322,WE44/THD044,13/10/2019,7:21:07,102.604935,16.14299,1524,5000,275
1323,WE44/THD044,13/10/2019,7:21:18,102.61039,16.156281,1447.8,4750,274
1324,WE44/THD044,13/10/2019,7:21:25,102.613579,16.164055,1402.08,4600,272
1325,WE44/THD044,13/10/2019,7:21:33,102.617897,16.174576,1348.74,4425,271
1326,WE44/THD044,13/10/2019,7:22:56,102.65596,16.267731,982.98,3225,238
1327,WE44/THD044,13/10/2019,7:23:04,102.658997,16.275284,967.74,3175,233
1328,WE44/THD044,13/10/2019,7:23:11,102.661354,16.281097,952.5,3125,231
1329,WE44/THD044,13/10/2019,7:23:17,102.664345,16.288116,944.88,3100,226
1330,WE44/THD044,13/10/2019,7:23:23,102.667526,16.293961,944.88,3100,218
1331,WE44/THD044,13/10/2019,7:23:31,102.671288,16.299591,944.88,3100,212
1332,WE44/THD044,13/10/2019,7:23:40,102.676292,16.306732,944.88,3100,203
1333,WE44/THD044,13/10/2019,7:23:49,102.68161,16.314186,944.88,3100,198
1334,WE44/THD044,13/10/2019,7:23:55,102.685333,16.319445,952.5,3125,193
1335,WE44/THD044,13/10/2019,7:24:03,102.688103,16.323349,952.5,3125,187
1336,WE44/THD044,13/10/2019,7:24:09,102.691566,16.32843,944.88,3100,181
1337,WE44/THD044,13/10/2019,7:24:21,102.697304,16.337128,944.88,3100,169
1338,WE44/THD044,13/10/2019,7:24:27,102.699524,16.340652,944.88,3100,164
1339,WE44/THD044,13/10/2019,7:24:34,102.702454,16.345236,944.88,3100,160
1340,WE44/THD044,13/10/2019,7:24:40,102.705109,16.349304,937.26,3075,162
1341,WE44/THD044,13/10/2019,7:24:46,102.707451,16.352871,922.02,3025,162
1342,WE44/THD044,13/10/2019,7:24:52,102.710121,16.356903,899.16,2950,160
1343,WE44/THD044,13/10/2019,7:24:59,102.712753,16.360924,876.3,2875,160
1344,WE44/THD044,13/10/2019,7:25:06,102.7155,16.365067,845.82,2775,160
1345,WE44/THD044,13/10/2019,7:25:12,102.717979,16.368851,822.96,2700,158
1346,WE44/THD044,13/10/2019,7:25:18,102.720596,16.372795,792.48,2600,158
1347,WE44/THD044,13/10/2019,7:25:25,102.723297,16.37689,769.62,2525,157
1348,WE44/THD044,13/10/2019,7:25:36,102.728249,16.384386,708.66,2325,152
1349,WE44/THD044,13/10/2019,7:25:44,102.731049,16.388622,693.42,2275,149
1350,WE44/THD044,13/10/2019,7:25:51,102.733643,16.392532,678.18,2225,142
1351,WE44/THD044,13/10/2019,7:26:04,102.738403,16.399429,609.6,2000,139
1352,WE44/THD044,13/10/2019,7:26:10,102.740906,16.403008,579.12,1900,136
1353,WE44/THD044,13/10/2019,7:26:17,102.743256,16.406452,556.26,1825,135
1354,WE44/THD044,13/10/2019,7:26:23,102.745171,16.409292,533.4,1750,134
1355,WE44/THD044,13/10/2019,7:26:30,102.747574,16.41297,510.54,1675,133
1356,WE44/THD044,13/10/2019,7:26:36,102.749931,16.416508,487.68,1600,137
1357,WE44/THD044,13/10/2019,7:26:42,102.752281,16.420029,464.82,1525,137
1358,WE44/THD044,13/10/2019,7:26:48,102.754196,16.422932,441.96,1450,135
1359,WE44/THD044,13/10/2019,7:26:54,102.756401,16.426189,426.72,1400,134
1360,WE44/THD044,13/10/2019,7:27:01,102.758789,16.429825,403.86,1325,132
1361,WE44/THD044,13/10/2019,7:27:14,102.763031,16.436096,358.14,1175,131
1362,WE44/THD044,13/10/2019,7:27:20,102.765472,16.439596,335.28,1100,129
1363,WE44/THD044,13/10/2019,7:27:26,102.767609,16.442825,312.42,1025,128
1364,WE44/THD044,13/10/2019,7:27:33,102.769875,16.446167,289.56,950,131
1365,WE44/THD044,13/10/2019,7:27:49,102.775368,16.454132,236.22,775,129
1366,-,-,-,-,-,-,-,-
